;;;Daily RF in mm for Holombuwa;;;;;;;;;;;;;;;;;;;;;;;;;;;;;
Year/Month;D1;D2;D3;D4;D5;D6;D7;D8;D9;D10;D11;D12;D13;D14;D15;D16;D17;D18;D19;D20;D21;D22;D23;D24;D25;D26;D27;D28;D29;D30;D31;COMP.TOT
89/90/01;0.00;30.99;11.68;16.51;8.64;35.56;3.81;0.00;0.00;0.00;0.00;6.35;2.79;0.00;0.00;0.00;0.00;5.84;13.21;57.91;22.35;6.60;0.00;0.00;0.00;0.00;27.94;0.00;38.10;40.64;60.96;389.88
89/90/02;109.73;57.40;0.00;10.92;39.88;26.67;0.00;0.00;0.00;10.41;56.13;28.70;54.86;5.08;0.00;0.00;0.00;7.62;81.21;25.40;22.86;0.00;0.00;0.00;0.00;0.00;0.00;0.00;0.00;3.30;;540.17
89/90/03;33.02;29.21;0.00;0.00;0.00;0.00;0.00;0.00;0.00;0.00;0.00;0.00;0.00;0.00;0.00;0.00;0.00;0.00;0.00;0.00;0.00;0.00;0.00;0.00;0.00;0.00;0.00;0.00;0.00;0.00;0.00;62.23
89/90/04;0.00;0.00;0.00;0.00;61.47;27.94;0.00;2.54;8.13;0.00;0.00;0.00;0.00;0.00;0.00;0.00;0.00;0.00;0.00;0.00;0.00;0.00;0.00;0.00;0.00;0.00;0.00;0.00;0.00;0.00;0.00;100.08
89/90/05;0.00;0.00;0.00;0.00;0.00;0.00;0.00;0.00;1.27;0.00;0.00;0.00;0.00;5.08;0.00;0.00;0.00;0.00;0.00;0.00;0.00;0.00;0.00;0.00;0.00;6.86;0.00;0.00;;;;13.21
89/90/06;0.00;0.00;0.00;0.00;0.00;11.68;1.27;0.00;0.00;10.67;1.27;0.00;6.10;0.00;0.00;0.00;0.00;0.00;0.00;8.38;8.13;0.51;1.27;17.27;0.00;0.00;0.25;11.43;25.40;13.21;4.57;121.41
89/90/07;0.00;55.88;0.00;0.00;0.00;0.00;0.00;0.00;0.00;3.05;0.00;0.00;0.00;21.59;0.00;0.00;0.00;0.00;0.00;0.00;0.25;0.00;0.00;0.00;0.00;0.00;2.03;0.00;2.54;0.00;;85.34
89/90/08;3.56;18.03;4.32;4.57;2.03;70.36;5.59;27.94;5.08;12.70;0.00;0.00;5.33;3.81;34.13;43.18;58.42;0.00;35.05;4.57;0.00;0.00;6.35;0.00;29.97;4.06;1.02;0.00;0.00;7.62;2.54;390.23
89/90/09;32.51;8.13;33.78;5.59;34.29;21.59;238.76;13.21;10.41;0.25;0.00;5.08;3.05;4.06;4.57;5.08;3.30;0.00;0.00;2.54;2.54;0.00;0.00;0.00;0.00;0.51;2.03;0.00;0.00;1.02;;432.30
89/90/10;3.81;38.10;34.30;0.00;0.00;0.00;1.27;0.00;3.56;20.57;0.51;3.30;2.54;0.00;19.05;22.86;0.00;0.51;48.26;0.00;0.00;0.00;0.00;0.00;0.00;0.00;0.00;0.00;0.00;0.00;0.00;198.64
89/90/11;0.00;0.00;0.00;0.00;0.00;5.08;30.48;0.00;0.00;0.00;0.00;0.00;0.00;0.00;0.00;0.00;0.00;0.00;0.00;5.08;0.00;0.00;0.00;0.00;0.00;0.00;0.00;0.00;0.00;0.00;0.00;40.64
89/90/12;0.00;0.00;0.00;5.08;0.00;0.00;0.00;8.89;0.00;25.40;0.00;0.00;0.00;0.00;0.00;0.00;0.00;0.00;0.00;0.00;0.00;0.00;0.00;0.00;0.00;0.00;0.00;0.00;0.00;0.00;;39.37
90/91/01;13.00;0.20;1.00;0.00;0.00;0.00;0.00;0.00;0.00;3.00;30.00;13.00;50.00;13.00;16.00;19.00;6.00;3.00;2.90;6.20;10.20;24.90;30.20;20.30;10.10;30.90;54.00;3.90;15.00;41.90;31.20;448.90
90/91/02;81.20;55.20;40.30;10.30;3.30;64.30;6.10;0.00;0.00;0.00;0.00;0.00;0.00;0.00;0.20;1.20;4.10;3.20;0.30;0.00;24.00;0.00;5.10;0.00;27.20;0.20;0.20;0.00;14.10;0.00;;340.50
90/91/03;17.10;17.10;0.00;0.00;0.00;0.00;0.00;0.00;0.00;0.00;4.10;0.00;0.00;0.00;0.00;0.00;0.00;0.00;0.00;0.00;18.10;0.00;20.10;28.20;0.00;4.10;2.80;0.00;0.00;66.20;3.10;180.90
90/91/04;71.10;7.30;24.20;0.00;0.00;0.00;6.10;0.00;5.30;39.80;3.70;0.00;0.00;3.50;3.50;35.50;21.30;0.00;6.80;0.00;0.00;0.00;0.00;0.00;0.00;0.00;0.00;0.00;0.00;0.00;0.00;228.10
90/91/05;0.00;0.00;0.00;0.00;0.00;0.00;0.00;0.00;0.00;0.00;0.00;0.00;0.00;0.00;0.00;0.00;0.00;0.00;0.00;0.00;0.00;0.00;10.50;0.00;0.00;58.30;14.10;0.00;;;;82.90
90/91/06;0.00;94.30;93.00;0.00;0.00;28.20;0.00;0.00;0.00;0.00;0.00;0.00;0.00;0.00;0.00;0.00;0.00;0.00;0.00;0.00;0.00;0.00;0.00;19.00;18.00;1.00;5.00;0.00;6.10;64.30;53.20;382.10
90/91/07;25.40;5.20;2.10;15.00;18.20;8.70;11.20;5.40;0.20;0.00;0.00;0.00;3.80;3.50;0.00;0.80;0.00;0.00;0.00;0.00;0.00;0.00;7.80;5.40;0.00;0.00;0.00;0.00;0.00;0.00;;112.70
90/91/08;0.00;0.00;0.00;0.00;0.00;0.00;0.00;0.00;0.30;0.00;0.00;0.00;15.20;0.30;15.10;23.20;5.20;0.00;0.00;0.00;34.30;0.00;0.00;0.00;0.00;0.00;0.00;0.00;0.00;0.00;19.00;112.60
90/91/09;35.10;28.50;22.70;54.30;14.50;6.10;1.00;19.40;3.30;5.20;14.80;54.20;51.40;2.00;9.60;10.10;2.10;8.20;4.50;11.00;3.90;10.20;12.20;3.10;0.30;12.20;5.10;3.10;10.00;7.10;;425.20
90/91/10;0.00;4.20;0.10;1.00;7.20;0.10;0.00;10.10;12.60;0.00;18.20;0.00;1.10;6.10;0.00;0.00;0.00;0.00;0.00;0.00;0.00;0.00;0.00;23.80;22.10;8.50;8.30;47.20;0.10;0.00;83.50;254.20
90/91/11;0.00;0.00;0.00;0.00;2.00;3.80;0.10;0.00;0.20;15.80;5.10;1.00;28.50;0.10;0.20;0.00;15.30;3.40;2.30;4.80;0.50;0.10;0.00;5.60;0.10;0.00;0.00;0.10;0.00;0.00;0.00;89.00
90/91/12;0.00;0.00;0.00;0.00;0.00;0.00;0.00;0.00;0.00;0.00;0.00;0.00;0.00;0.00;0.00;0.00;0.00;0.00;0.00;0.00;0.00;0.00;0.00;0.00;0.00;0.00;0.00;8.10;23.20;42.40;;73.70
91/92/01;10.20;7.60;3.80;6.10;0.00;0.00;0.00;0.00;0.00;0.00;0.00;13.40;36.80;6.10;0.00;0.00;4.30;3.60;43.80;4.50;6.10;3.40;35.00;15.40;5.10;43.20;71.80;37.50;64.30;26.00;1.70;449.70
91/92/02;2.00;0.20;4.00;0.00;20.20;3.00;74.10;140.30;66.50;8.50;0.10;16.00;3.20;11.10;20.00;0.00;12.20;0.00;28.10;2.20;4.10;1.30;0.20;0.00;0.00;0.00;0.00;0.00;0.00;0.00;;417.30
91/92/03;0.00;0.00;0.00;0.00;0.00;0.00;0.00;0.00;0.00;0.00;0.00;0.00;1.04;0.20;12.00;2.10;0.00;0.00;1.20;1.00;0.00;0.00;34.30;0.00;0.00;0.00;0.00;0.00;0.00;0.00;0.00;51.84
91/92/04;3.10;0.00;0.00;0.00;0.00;0.00;0.00;0.00;0.00;0.00;1.01;0.00;0.00;0.00;0.00;0.00;0.00;0.00;0.00;0.00;0.00;0.00;0.00;0.00;0.00;0.00;0.00;0.00;0.00;0.00;0.00;4.11
91/92/05;0.00;0.00;0.00;0.00;0.00;0.00;0.00;0.00;0.00;0.00;0.00;0.00;0.00;0.00;0.00;0.00;0.00;0.00;0.00;0.00;0.00;0.00;0.00;0.00;0.00;0.00;0.00;0.00;0.00;;;0.00
91/92/06;0.00;0.00;0.00;0.00;0.00;0.00;0.00;0.00;0.00;0.00;0.00;0.00;0.00;0.00;0.00;0.00;45.00;0.00;0.00;0.00;0.00;0.00;0.00;0.00;45.20;0.00;0.00;0.00;0.00;0.00;0.00;90.20
91/92/07;0.00;0.00;0.00;0.00;0.00;0.00;0.00;0.00;0.00;0.00;0.00;0.00;6.00;0.00;3.00;12.03;2.02;8.00;0.00;16.00;59.00;0.00;0.00;65.00;37.00;36.00;46.00;45.00;30.00;56.03;;421.08
91/92/08;47.90;2.30;6.00;18.00;0.10;24.02;0.00;6.60;0.00;0.00;0.00;0.00;17.00;5.20;3.50;5.40;16.20;16.65;1.66;6.10;0.00;0.00;0.00;0.00;0.00;0.00;0.00;0.00;0.00;12.00;20.20;208.83
91/92/09;0.00;0.00;57.00;2.00;79.00;57.00;24.00;13.00;2.00;2.00;0.00;0.00;5.30;27.00;6.00;3.00;0.00;18.00;0.00;9.10;1.10;0.00;0.00;0.00;0.00;0.00;0.00;0.00;0.00;12.20;;317.70
91/92/10;0.00;0.50;1.20;0.00;0.20;0.00;11.30;0.10;0.00;0.00;0.00;0.10;1.10;4.10;4.20;7.10;0.00;0.00;0.00;4.30;0.00;0.00;0.00;7.20;4.00;61.30;4.00;16.00;11.20;3.00;2.10;143.00
91/92/11;3.10;0.00;10.00;0.00;0.00;0.00;27.00;11.02;0.00;0.00;13.30;0.20;0.00;1.00;0.00;0.00;0.00;0.00;1.00;1.10;0.00;0.00;0.00;3.00;3.40;3.40;5.03;12.50;17.30;18.01;10.30;140.66
91/92/12;7.00;1.40;3.10;1.02;8.40;8.40;18.40;4.40;11.00;12.00;15.40;1.01;8.30;2.05;1.50;3.10;0.00;0.00;2.01;0.00;1.10;14.30;4.20;18.40;57.20;18.01;18.30;23.10;3.20;2.00;;268.30
92/93/01;30.00;23.20;7.00;46.01;13.05;8.30;15.01;30.00;43.00;23.00;14.40;110.20;0.00;3.00;0.00;0.00;0.00;0.00;0.00;0.00;0.00;0.00;0.00;0.00;16.00;0.00;0.00;8.05;12.30;3.01;49.00;454.53
92/93/02;0.00;6.00;11.00;3.00;19.25;74.20;6.30;6.60;0.10;61.02;3.20;41.20;57.20;4.00;2.01;0.00;0.00;0.00;0.00;5.30;2.10;34.25;4.20;4.01;14.40;0.00;0.00;2.40;2.01;8.05;;371.80
92/93/03;1.30;4.20;9.40;24.00;11.05;0.00;0.00;0.00;0.00;0.00;0.00;0.00;2.50;8.05;2.10;0.00;0.00;0.00;0.00;0.00;0.00;5.01;0.00;0.00;0.00;0.00;0.00;1.00;0.00;0.00;0.00;68.61
92/93/04;0.00;0.00;0.00;0.00;0.00;0.00;0.00;0.00;0.00;0.00;0.00;0.00;0.00;0.00;0.00;0.00;0.00;0.00;0.00;0.00;0.00;0.00;0.00;0.00;0.00;13.05;0.00;0.00;0.00;0.00;0.00;13.05
92/93/05;0.00;0.00;0.00;0.00;0.00;0.00;0.00;0.00;0.00;0.00;0.00;0.00;0.00;4.00;0.00;0.00;0.00;0.00;0.00;0.00;0.00;0.00;2.05;0.00;0.00;0.00;0.00;4.50;;;;10.55
92/93/06;0.00;0.00;56.00;0.00;23.00;2.11;0.00;0.00;0.00;0.00;0.00;0.00;47.20;6.00;0.00;0.00;0.00;0.00;0.00;0.00;0.00;5.10;15.00;11.00;45.20;38.00;0.00;45.10;0.00;0.00;0.00;293.71
92/93/07;0.00;0.00;0.00;0.00;0.00;0.00;7.00;0.00;1.50;0.00;12.10;4.50;19.10;8.40;12.00;6.20;0.00;5.10;0.00;0.00;0.00;0.00;52.10;1.10;102.00;26.00;1.00;53.00;0.00;0.00;;311.10
92/93/08;0.00;0.00;4.00;0.00;8.20;1.50;1.00;0.00;0.00;0.00;10.00;0.00;0.00;51.10;0.00;0.00;4.50;26.03;10.10;0.00;0.00;3.50;26.40;2.00;49.00;38.50;27.60;19.00;13.10;48.00;0.00;343.53
92/93/09;0.00;0.00;5.20;35.50;0.00;0.00;0.00;5.00;6.20;0.00;0.00;0.00;0.00;6.00;3.00;2.20;0.00;0.00;0.00;0.00;0.00;0.00;0.00;0.00;22.20;0.00;11.20;1.10;0.00;0.00;;97.60
92/93/10;0.00;16.20;15.00;0.00;0.00;0.00;11.00;0.00;18.50;0.00;0.00;0.00;0.00;0.00;3.20;7.20;0.00;8.20;13.20;53.20;0.00;2.20;15.10;13.00;1.10;1.00;0.00;0.00;0.00;0.00;0.00;178.10
92/93/11;9.10;9.50;0.00;5.20;0.00;0.00;0.00;0.00;0.00;0.00;0.00;0.00;0.00;16.00;3.10;0.00;0.00;0.00;0.00;3.10;0.00;3.50;0.00;0.00;11.10;38.00;0.00;12.00;8.40;0.00;3.10;122.10
92/93/12;2.30;0.00;0.00;0.00;0.00;0.00;0.00;0.00;0.00;0.00;0.00;0.00;0.00;0.00;0.00;87.10;14.10;12.20;22.00;32.40;1.20;15.50;0.00;8.30;2.50;0.00;66.40;36.30;0.50;0.10;;300.90
93/94/01;0.50;29.30;23.50;10.10;0.00;46.30;101.50;33.20;3.50;20.30;2.10;1.30;20.30;1.50;0.00;8.40;38.00;46.50;42.20;8.10;71.20;2.80;0.00;8.10;0.00;42.50;6.05;10.20;77.50;3.30;1.50;659.75
93/94/02;28.00;14.20;46.30;0.00;19.10;8.20;0.00;51.00;71.00;4.40;2.00;0.50;0.00;0.00;47.20;0.00;0.00;22.00;1.20;58.00;20.11;0.00;0.00;59.00;1.10;0.00;0.00;0.00;21.00;48.50;;522.81
93/94/03;70.00;6.50;0.00;4.50;60.00;0.00;0.20;0.00;0.00;0.00;23.00;7.20;0.00;0.00;0.00;0.00;7.20;0.00;0.00;3.00;0.00;84.20;0.00;0.00;19.00;0.00;0.00;2.10;0.00;0.00;0.00;286.90
93/94/04;0.00;0.00;0.00;0.00;2.00;1.40;1.10;0.00;0.00;0.00;0.00;0.00;16.00;21.00;0.00;0.00;0.00;0.00;0.00;0.00;19.40;2.10;3.00;0.00;0.00;0.00;0.00;0.00;0.00;3.10;0.00;69.10
93/94/05;0.00;1.00;0.00;0.00;0.00;14.30;48.50;10.10;44.10;24.50;0.00;0.00;0.50;0.00;0.00;0.00;0.00;0.00;0.00;0.00;0.00;0.00;0.00;0.00;0.00;0.00;0.00;0.00;;;;143.00
93/94/06;0.00;0.00;10.00;10.20;0.00;0.00;0.00;0.00;0.00;0.00;2.00;0.00;0.00;0.00;20.00;0.00;28.30;0.00;0.00;0.00;0.00;0.00;0.00;0.00;0.00;0.00;2.10;13.40;10.50;13.50;13.00;123.00
93/94/07;13.00;21.00;23.00;7.00;40.00;55.00;0.00;0.00;3.20;0.00;4.50;0.00;0.00;0.00;0.00;3.00;0.00;0.00;17.00;0.00;0.00;0.00;0.00;0.00;0.00;0.00;0.00;18.00;0.00;34.00;;238.70
93/94/08;0.00;0.00;0.00;60.00;0.00;0.00;0.00;0.00;0.00;0.00;0.00;0.00;0.00;0.00;0.00;0.00;0.00;0.00;0.00;0.00;2.00;11.10;21.00;0.00;3.00;55.00;46.30;52.00;7.00;30.00;26.50;313.90
93/94/09;26.10;0.00;9.00;0.00;5.10;0.00;0.20;0.00;0.00;0.00;0.00;0.00;0.00;0.00;12.00;0.00;0.00;15.02;0.00;0.05;0.00;0.00;0.00;0.00;0.00;2.02;0.00;0.00;0.01;0.07;;69.57
93/94/10;0.00;0.00;0.00;0.00;0.00;4.10;8.00;0.00;0.30;0.00;0.00;3.00;0.00;0.00;6.10;20.10;0.00;0.00;1.20;0.00;0.00;0.00;0.00;0.00;0.00;1.20;0.00;9.00;30.10;0.00;3.00;86.10
93/94/11;22.10;0.00;0.00;0.00;0.00;0.00;0.00;0.00;0.00;0.00;0.00;0.00;0.00;0.00;0.00;0.00;0.00;1.50;5.20;6.20;0.00;7.00;0.00;7.05;20.20;10.10;0.00;0.00;7.50;1.50;2.00;90.35
93/94/12;0.00;11.05;3.20;0.00;8.50;10.30;0.00;0.00;0.00;0.00;3.00;6.80;10.20;20.50;43.00;42.00;0.00;0.00;0.00;0.00;0.00;18.50;32.40;0.00;0.00;0.00;0.00;19.20;2.20;10.50;;241.35
94/95/01;0.00;12.00;48.00;34.00;27.00;101.00;94.20;53.00;33.00;0.00;24.00;0.00;1.10;4.00;0.00;1.00;0.00;47.30;34.00;12.00;7.40;3.40;28.30;76.00;0.00;0.00;61.40;4.00;54.00;7.00;0.00;767.10
94/95/02;2.00;3.20;42.20;73.20;7.00;31.00;22.00;43.10;5.00;1.10;30.20;18.40;0.00;23.10;0.00;0.00;0.00;0.00;0.00;0.00;1.60;31.20;0.00;0.00;0.00;3.10;18.40;15.00;0.00;38.00;;408.80
94/95/03;23.00;0.40;0.10;0.00;0.40;0.00;0.00;0.00;0.00;0.00;0.00;0.00;0.00;0.00;3.00;0.00;0.00;0.00;0.00;0.00;0.00;0.00;0.00;0.00;0.00;0.00;0.00;0.00;0.00;0.00;0.00;26.90
94/95/04;0.00;0.00;0.00;0.00;0.00;0.00;0.00;0.00;6.40;7.00;30.00;0.00;0.00;0.00;0.00;0.00;0.00;68.00;0.00;0.00;38.00;0.00;0.00;0.00;0.00;0.00;0.00;0.00;0.00;5.10;7.00;161.50
94/95/05;0.00;0.00;0.00;0.00;0.00;0.00;0.00;0.00;0.00;0.00;0.00;0.00;0.00;0.00;0.00;0.00;0.00;0.00;60.00;32.00;0.00;0.00;0.00;0.00;0.00;0.00;0.00;0.00;;;;92.00
94/95/06;0.00;0.00;0.00;0.00;0.00;0.00;0.00;0.00;0.00;85.00;0.00;0.00;0.00;0.00;0.00;0.00;0.00;0.00;0.00;0.00;0.00;8.00;0.00;0.00;0.00;0.00;0.00;0.00;3.00;0.00;0.00;96.00
94/95/07;0.00;2.40;23.00;85.20;6.00;52.00;72.00;16.00;40.10;28.00;30.20;36.00;24.30;0.00;6.00;0.00;0.00;6.20;23.00;29.20;0.00;10.30;0.00;0.00;46.30;0.00;0.00;30.30;62.10;4.20;;632.80
94/95/08;0.58;29.10;44.40;8.00;72.30;58.10;74.80;34.00;18.40;42.30;3.00;0.50;0.00;0.00;0.00;6.70;0.10;0.00;0.00;0.00;0.00;0.00;0.00;0.00;12.20;0.00;0.00;0.00;2.20;1.00;0.00;407.68
94/95/09;0.00;0.00;44.00;31.00;1.00;4.10;6.00;1.00;53.10;26.00;26.10;2.10;3.00;6.40;6.60;9.80;3.20;0.00;0.00;1.30;0.00;16.20;6.40;0.00;0.00;0.00;12.40;24.20;0.00;42.20;;326.10
94/95/10;31.30;0.00;0.00;0.00;0.00;0.00;2.40;0.00;0.00;0.00;0.00;0.00;0.00;0.00;0.00;0.00;0.00;0.00;0.00;11.30;26.00;0.00;0.00;0.00;33.60;0.00;0.00;0.00;3.00;24.20;1.50;133.30
94/95/11;0.00;0.00;0.00;0.00;0.00;0.00;8.00;0.00;0.00;0.00;0.00;0.00;0.00;0.00;25.00;12.00;0.00;0.00;4.20;11.50;21.00;0.00;36.10;14.20;1.10;15.20;11.20;2.30;2.20;1.30;0.00;165.30
94/95/12;23.00;6.02;1.00;12.03;0.00;2.00;4.02;0.00;0.00;0.00;0.00;0.00;0.00;0.00;3.01;0.00;3.01;35.00;1.03;2.00;18.03;30.10;0.00;0.00;0.00;0.00;0.00;7.00;0.00;0.00;;147.25
95/96/01;2.00;0.00;0.00;3.00;6.08;6.05;44.07;60.03;62.05;11.00;0.00;3.01;0.00;0.00;0.00;0.00;0.00;0.00;19.00;0.00;11.00;0.00;18.01;16.02;0.00;0.00;11.00;44.07;8.02;17.00;21.02;362.43
95/96/02;2.00;3.02;42.02;2.01;73.02;31.00;22.00;43.10;68.00;1.10;30.40;15.70;23.10;1.60;0.00;0.00;0.00;0.00;0.00;0.00;0.00;31.20;0.00;0.00;0.00;3.10;18.40;15.00;38.00;0.00;;463.77
95/96/03;0.00;0.00;0.00;0.00;0.00;0.00;0.00;0.00;0.00;0.00;0.00;0.00;0.00;0.00;0.00;0.00;0.00;0.00;0.00;0.00;0.00;0.00;0.00;0.00;2.00;0.00;0.00;0.00;0.00;0.00;0.00;2.00
95/96/04;0.00;0.00;3.20;3.00;0.00;0.00;0.00;0.00;0.00;0.00;0.00;0.00;0.00;0.00;33.10;8.00;0.00;0.00;0.00;0.00;0.00;0.00;0.00;0.00;0.00;0.00;0.00;2.20;1.30;1.10;10.10;62.00
95/96/05;0.00;0.00;0.00;0.00;0.00;0.00;0.00;0.00;0.00;90.00;0.00;0.00;0.00;0.00;0.00;0.00;0.00;0.00;0.00;0.00;0.00;66.00;6.30;0.00;0.00;0.00;4.10;31.20;20.00;;;217.60
95/96/06;0.00;0.00;0.00;0.00;0.00;0.00;1.30;0.00;0.00;0.00;0.00;0.00;0.00;0.00;0.00;0.00;3.50;1.00;14.60;0.00;0.00;4.80;0.00;0.00;0.00;7.00;14.00;0.00;0.00;0.00;0.00;46.20
95/96/07;0.00;0.00;26.00;56.00;37.10;0.00;22.00;0.00;3.20;0.00;0.00;33.20;2.10;15.40;2.50;22.30;1.00;3.20;15.40;4.20;0.00;10.00;0.00;2.40;15.00;0.00;0.00;0.00;0.00;0.00;;271.00
95/96/08;14.20;0.00;0.00;0.00;0.00;2.00;15.70;0.00;0.00;1.00;0.00;0.00;0.00;0.00;0.00;0.00;0.00;0.00;0.00;0.00;0.00;0.00;0.00;6.00;4.80;0.00;0.00;10.80;5.60;0.00;0.00;60.10
95/96/09;0.00;9.00;12.20;4.90;22.20;0.00;1.00;202.80;0.00;0.00;28.00;13.60;3.20;0.00;4.20;7.00;0.00;0.00;0.00;8.30;35.30;7.20;0.00;0.00;0.00;0.00;0.00;0.00;0.00;0.00;;358.90
95/96/10;0.00;0.00;0.00;0.00;2.00;6.80;0.00;3.80;15.00;7.50;18.40;0.00;0.00;0.00;0.80;0.20;0.00;0.00;10.00;5.00;0.90;2.60;8.40;9.80;4.30;13.80;2.60;2.40;0.00;0.00;0.00;114.30
95/96/11;0.00;0.00;0.00;0.00;0.00;0.00;0.00;0.00;0.00;7.20;2.20;4.70;0.00;0.80;4.80;0.00;4.20;0.00;0.00;0.00;0.00;0.00;69.90;1.00;2.00;2.60;0.00;5.60;0.00;6.00;0.00;111.00
95/96/12;0.00;1.10;0.20;10.90;18.20;8.70;2.50;33.60;77.20;0.00;3.80;22.30;23.90;16.00;4.80;0.00;11.90;4.10;3.60;4.80;33.40;1.80;22.60;11.60;25.40;16.80;12.50;16.40;1.30;0.20;;389.60
96/97/01;1.60;0.00;0.00;0.00;0.60;0.20;4.60;0.20;9.50;16.20;37.00;0.00;39.60;21.40;78.00;0.20;25.60;60.50;7.00;2.20;16.00;1.30;1.60;0.00;0.00;0.00;0.00;0.00;0.00;0.00;0.00;323.30
96/97/02;0.00;0.00;12.40;6.60;0.00;0.00;0.00;0.00;0.00;0.00;0.00;0.40;14.80;0.00;0.00;0.00;39.20;60.20;0.00;6.80;0.00;8.60;7.40;2.20;0.00;2.10;21.70;70.30;0.00;0.00;;252.70
96/97/03;0.00;0.00;0.00;0.00;0.00;0.00;0.00;16.00;0.60;0.60;14.70;4.20;3.50;71.60;4.80;6.20;0.00;0.00;0.00;0.00;0.00;0.00;0.00;0.00;0.00;0.00;30.40;0.00;0.00;0.00;0.00;152.60
96/97/04;0.00;0.00;0.00;0.00;0.00;0.00;0.00;0.00;0.00;0.00;0.00;0.00;0.00;0.00;0.00;0.00;0.00;0.00;0.00;0.00;0.00;0.00;0.00;0.00;0.00;0.00;0.00;0.00;0.00;0.00;0.00;0.00
96/97/05;0.00;0.00;0.00;0.00;0.00;10.60;3.00;0.00;0.00;0.00;0.00;0.00;0.00;0.00;0.00;0.00;12.50;2.00;0.00;10.00;0.00;0.00;0.00;0.00;0.00;0.00;0.00;0.00;;;;38.10
96/97/06;1.20;0.00;25.40;0.00;0.00;3.00;0.00;0.00;0.30;0.00;4.80;0.00;0.00;0.00;0.00;0.00;0.00;0.00;0.00;0.00;0.00;0.00;0.00;0.60;1.30;0.00;5.80;0.40;1.40;4.80;0.00;49.00
96/97/07;0.00;0.00;0.00;0.00;0.80;0.00;0.00;1.80;0.00;0.00;23.60;0.00;0.00;0.00;0.00;0.00;0.00;10.60;33.80;0.00;0.00;49.50;0.40;4.10;10.60;6.00;0.00;26.30;54.60;7.20;;229.30
96/97/08;20.20;31.00;36.00;54.30;2.80;22.40;27.00;25.00;0.00;0.00;2.50;30.20;7.80;0.60;0.80;4.40;19.80;6.00;1.70;0.40;0.00;0.00;0.00;0.00;0.00;49.40;1.20;0.00;0.00;0.00;0.00;343.50
96/97/09;0.00;0.00;0.00;0.00;4.00;0.00;0.00;2.00;0.00;0.00;1.80;0.00;0.00;0.00;0.00;0.00;0.00;0.00;3.80;0.00;0.00;0.70;24.90;42.10;23.00;4.30;31.80;2.70;6.40;0.00;;147.50
96/97/10;8.40;18.30;0.70;5.10;0.00;28.10;2.70;3.40;11.70;23.70;0.80;0.60;0.40;0.60;0.70;0.00;0.00;5.40;64.60;65.40;5.90;1.10;15.90;25.20;2.20;2.00;0.00;0.00;5.00;3.60;0.00;301.50
96/97/11;16.90;0.60;0.70;0.00;0.00;0.00;36.60;0.00;0.90;0.80;0.20;13.00;0.00;0.00;0.00;0.00;0.00;0.00;4.70;18.80;25.10;6.40;8.20;0.00;0.00;0.80;0.00;4.60;8.90;0.00;0.00;147.20
96/97/12;0.00;0.00;0.00;0.00;3.10;6.60;0.00;0.00;0.90;5.10;30.60;57.40;20.40;8.20;116.80;18.60;54.20;3.80;4.10;34.20;23.40;46.20;39.40;14.50;15.50;4.70;3.40;5.30;2.00;2.20;;520.60
97/98/01;3.20;5.30;1.20;113.60;0.30;0.00;30.60;20.50;21.40;21.70;4.00;51.80;63.00;118.80;29.00;39.50;3.80;3.50;23.20;12.60;20.60;9.00;12.50;35.90;0.20;0.00;30.00;21.90;123.50;18.20;0.00;838.80
97/98/02;0.00;18.40;119.80;13.60;12.80;12.00;0.20;0.40;3.80;7.00;22.50;3.90;6.50;2.40;11.20;0.00;56.60;76.90;0.00;0.00;40.50;0.00;3.50;84.60;50.40;0.40;48.50;4.90;1.50;0.20;;602.50
97/98/03;0.00;0.00;4.40;171.50;21.00;0.00;1.00;4.30;0.60;39.40;4.20;1.80;8.60;6.50;0.00;0.00;0.80;44.70;57.00;0.80;11.40;0.00;0.00;0.00;0.00;0.00;0.00;0.00;0.40;0.00;2.80;381.20
97/98/04;20.40;0.00;9.70;0.80;0.00;0.00;0.00;0.00;0.00;0.00;0.00;0.00;0.20;0.00;0.00;0.00;0.00;0.00;0.00;0.00;0.00;0.00;0.00;0.00;0.00;0.00;0.00;0.00;0.00;0.00;0.00;31.10
97/98/05;0.00;0.00;0.00;0.00;0.00;0.70;0.00;0.00;0.00;0.00;0.00;0.00;0.00;0.00;0.00;0.00;0.00;0.00;0.00;0.00;0.00;0.00;0.20;0.00;0.00;0.00;0.00;0.20;;;;1.10
97/98/06;0.00;0.00;0.00;0.00;0.00;0.00;0.00;0.00;0.00;0.00;0.00;0.00;0.60;15.80;0.00;0.00;0.00;0.00;0.00;0.00;0.00;0.00;0.60;0.00;0.00;0.00;0.00;0.00;0.00;1.00;35.20;53.20
97/98/07;0.00;2.40;64.90;36.20;0.00;40.20;0.00;0.00;5.40;17.40;14.40;0.00;17.20;10.40;0.00;4.60;4.30;0.00;0.00;0.00;0.00;0.00;0.00;0.00;16.80;24.20;23.70;0.20;0.00;0.00;;282.30
97/98/08;7.00;35.80;33.00;30.20;9.40;1.00;23.20;0.50;70.40;69.80;22.20;14.80;0.60;73.40;77.30;1.90;5.40;0.30;12.80;8.80;0.00;14.40;0.00;0.00;0.00;3.30;3.70;1.80;0.60;0.00;0.00;521.60
97/98/09;2.40;11.10;10.40;13.80;5.70;1.00;0.00;0.20;3.20;63.60;13.90;3.00;0.00;9.70;22.10;5.40;2.60;18.60;43.50;0.00;2.10;20.20;22.30;11.00;29.40;15.80;5.00;14.60;2.00;3.60;;356.20
97/98/10;0.00;0.50;5.30;2.40;0.00;0.00;0.00;0.00;0.00;0.00;3.00;17.90;0.40;43.50;8.20;38.50;5.30;76.40;21.80;7.50;1.60;0.00;90.00;33.00;0.80;2.20;21.90;1.30;0.00;0.50;0.00;382.00
97/98/11;42.20;24.60;0.30;1.30;1.00;2.40;11.60;2.20;7.50;5.30;3.20;0.20;0.00;11.20;3.60;0.30;2.80;33.40;26.20;15.10;22.50;56.20;44.10;3.00;0.00;0.00;0.00;0.00;0.00;0.00;0.40;320.60
97/98/12;9.10;5.00;0.00;106.90;54.10;0.80;1.00;41.40;8.50;1.20;10.60;1.60;4.30;0.30;0.00;1.30;4.10;0.00;0.00;0.30;7.50;60.30;13.30;0.00;0.00;4.20;11.40;39.90;0.00;0.40;;387.50
98/99/01;0.60;4.10;0.40;0.60;1.60;6.50;23.80;26.50;53.60;19.20;27.20;32.60;0.00;30.20;0.60;0.00;0.00;0.80;0.00;0.00;0.00;0.00;0.00;0.00;0.00;0.00;97.60;36.90;36.00;15.00;0.30;414.10
98/99/02;0.00;1.20;19.60;3.80;49.80;17.70;9.40;40.20;5.80;51.60;10.60;1.30;1.80;22.90;19.70;0.00;0.00;0.00;0.00;0.00;0.00;0.00;0.00;0.00;0.00;0.00;0.00;0.00;0.00;0.00;;255.40
98/99/03;45.80;0.70;58.40;12.80;8.70;0.40;33.80;27.90;20.00;8.60;71.10;15.20;0.40;0.00;0.80;0.00;0.20;9.60;0.00;0.00;0.00;0.00;0.00;0.00;0.00;0.00;57.20;9.20;3.70;0.40;0.40;385.30
98/99/04;20.80;38.10;23.10;0.00;4.30;0.00;0.00;0.00;0.00;0.00;0.00;0.00;0.00;0.00;0.00;0.00;4.20;4.10;13.20;3.80;0.00;0.00;0.40;0.00;0.00;0.00;0.00;0.00;0.00;0.00;0.00;112.00
98/99/05;66.80;0.00;0.00;0.00;0.00;0.00;0.60;12.60;0.00;0.00;0.00;0.00;0.00;0.00;0.00;0.00;0.00;17.20;1.00;65.40;0.00;0.00;0.00;0.00;0.00;6.20;18.00;0.00;;;;187.80
98/99/06;0.00;0.00;0.00;0.00;0.00;0.00;0.00;0.00;0.00;0.00;0.00;0.00;0.00;0.00;4.80;26.40;66.30;0.00;0.00;0.00;5.30;0.00;0.00;1.80;0.00;0.00;0.00;0.00;0.70;43.40;0.60;149.30
98/99/07;26.80;1.00;3.10;0.00;0.40;22.50;10.60;3.60;14.00;31.30;0.00;0.40;4.20;0.00;2.20;0.00;0.00;18.10;191.60;84.00;16.50;8.60;8.00;10.50;0.00;0.00;0.00;0.00;0.00;0.00;;457.40
98/99/08;0.00;0.00;0.00;0.00;16.90;0.00;6.00;0.00;0.00;0.00;1.20;0.20;9.60;82.40;2.60;79.80;0.00;0.00;18.80;0.90;11.30;9.80;8.70;26.20;27.70;42.60;4.60;56.10;48.40;43.00;1.80;498.60
98/99/09;3.60;4.50;1.20;0.60;63.30;14.70;35.80;25.20;5.90;10.70;36.70;23.00;4.80;1.40;4.00;0.70;0.00;0.00;0.00;0.00;0.00;0.90;0.20;0.00;0.00;0.00;0.00;0.00;0.00;0.00;;237.20
98/99/10;0.00;1.50;0.00;33.70;25.50;15.40;5.80;18.50;0.00;0.80;1.10;0.00;0.40;0.00;0.00;10.00;8.00;1.70;1.30;2.00;0.00;0.00;0.80;0.00;1.70;3.40;0.00;0.00;6.00;1.60;31.00;170.20
98/99/11;0.20;0.00;0.00;9.10;0.60;0.00;0.00;0.00;0.00;0.00;1.40;23.50;3.30;0.20;0.00;0.00;5.50;1.90;0.00;0.00;8.30;10.10;4.40;39.20;5.80;1.00;0.00;0.00;1.90;6.20;7.40;130.00
98/99/12;15.90;9.50;2.60;0.00;2.00;0.00;11.20;0.00;0.00;2.90;1.60;0.00;0.00;0.00;0.00;3.10;4.20;1.80;5.70;1.60;0.00;0.00;1.60;2.10;7.80;24.00;2.90;39.60;6.40;21.60;;168.10
99/00/01;18.10;7.20;59.20;26.20;18.30;14.70;0.90;19.90;6.30;1.50;65.20;2.90;1.40;3.20;11.60;21.60;6.70;10.60;7.10;2.10;0.00;0.20;25.70;12.10;0.20;10.20;73.90;40.20;11.20;5.60;0.20;484.20
99/00/02;0.00;0.00;0.00;0.00;0.00;50.80;0.00;1.60;10.80;0.00;0.00;0.00;0.00;0.00;0.00;3.00;12.00;3.40;28.80;0.60;0.00;7.80;13.10;0.00;2.50;6.00;21.20;86.70;0.60;0.00;;248.90
99/00/03;0.00;0.00;0.00;0.00;0.00;0.00;0.00;0.00;0.00;0.00;0.00;0.90;2.20;44.00;0.80;0.00;3.90;8.10;0.00;0.00;0.00;0.00;0.00;6.50;1.40;0.00;0.00;0.00;0.00;0.00;0.00;67.80
99/00/04;0.00;0.00;0.00;0.00;0.00;0.00;47.20;91.10;0.00;2.80;7.00;37.40;0.00;7.00;9.60;50.20;1.00;0.00;0.00;0.00;0.00;0.00;0.00;0.00;0.00;0.00;0.00;0.00;2.60;0.40;0.00;256.30
99/00/05;0.00;18.60;13.60;8.40;21.40;15.70;0.00;12.60;24.90;0.00;0.00;0.00;0.00;1.60;0.00;0.00;0.00;42.80;30.00;3.20;7.40;29.40;11.20;0.00;0.00;0.00;39.00;22.40;0.40;;;302.60
99/00/06;0.20;0.00;2.80;0.00;25.80;0.30;10.90;1.80;6.30;1.00;0.30;0.00;0.00;0.00;0.00;0.00;0.00;0.00;0.00;0.00;0.00;0.00;12.40;17.70;42.60;3.80;19.60;0.00;0.00;0.00;0.00;145.50
99/00/07;9.30;28.30;0.40;38.70;21.00;3.00;56.00;0.00;0.20;0.00;0.00;0.00;0.00;0.00;0.00;0.00;0.00;2.90;0.00;0.00;2.40;6.20;37.10;0.60;0.40;0.40;0.00;0.00;0.00;6.20;;213.10
99/00/08;0.00;0.30;0.00;0.00;2.80;9.40;1.40;0.00;0.00;0.30;0.00;0.00;0.00;0.00;0.00;2.70;1.40;9.10;2.50;0.70;0.00;0.00;0.00;0.00;12.60;36.90;0.20;0.00;0.00;27.80;19.00;127.10
99/00/09;46.60;0.70;0.00;0.80;35.90;28.30;8.50;0.00;7.60;16.60;15.50;0.00;0.00;0.00;2.70;3.30;0.80;0.00;0.40;1.20;3.70;2.60;0.00;0.00;1.60;2.00;9.20;0.40;4.00;10.60;;203.00
99/00/10;21.90;4.00;0.00;0.00;0.00;0.90;0.00;0.00;0.00;0.00;0.00;0.00;0.00;0.00;0.00;0.00;0.00;0.00;0.00;0.00;0.00;0.00;0.00;0.00;0.00;0.00;6.00;13.40;0.40;0.00;0.00;46.60
99/00/11;0.00;0.00;9.90;0.00;3.40;16.10;13.10;8.90;10.30;0.40;0.00;0.70;22.70;54.00;1.80;2.70;2.20;8.60;4.70;0.00;0.00;1.80;3.30;32.40;31.80;5.80;5.50;12.10;1.40;0.00;0.00;253.60
99/00/12;0.00;0.00;0.00;0.30;0.40;0.00;0.00;7.20;0.00;0.70;0.00;0.00;0.40;14.10;0.70;26.70;77.60;34.70;30.30;89.00;8.30;0.00;1.20;77.20;1.40;0.20;2.80;0.00;1.10;46.20;;420.50
00/01/01;14.80;2.20;0.00;0.00;50.90;24.00;3.80;5.40;0.00;0.60;1.30;30.50;35.40;0.00;0.00;14.00;22.50;3.80;0.70;0.00;0.00;0.00;0.00;8.40;0.00;0.00;0.00;0.00;0.00;0.00;0.00;218.30
00/01/02;0.00;13.60;12.40;0.00;0.00;0.00;111.10;8.80;0.00;0.00;7.00;2.40;0.00;0.00;0.00;0.00;25.50;11.50;12.80;6.60;0.00;1.00;0.00;0.00;0.00;0.00;0.70;0.00;0.00;13.60;;227.00
00/01/03;5.00;0.00;19.50;0.00;0.00;0.00;0.00;0.00;0.00;0.00;0.00;0.00;0.00;0.00;0.00;0.00;2.80;10.80;7.80;0.00;0.30;0.00;0.60;3.10;2.20;55.20;38.00;2.40;0.00;11.40;0.00;159.10
00/01/04;0.00;0.00;0.00;0.00;0.00;0.00;0.00;0.00;0.30;0.00;0.00;0.00;0.00;0.00;0.00;0.00;3.70;8.10;0.00;0.00;0.80;26.30;0.60;4.50;11.90;2.80;0.00;0.00;98.40;0.70;0.00;158.10
00/01/05;15.30;87.60;49.00;0.30;0.00;0.00;0.00;0.00;0.00;0.00;0.00;0.00;0.00;0.00;0.00;0.40;3.60;0.00;0.60;0.00;0.00;0.00;0.00;0.00;0.00;0.00;0.00;0.00;;;;156.80
00/01/06;0.00;0.00;0.40;0.00;16.40;0.40;0.00;0.00;0.00;0.00;0.00;0.00;0.00;0.00;0.00;0.00;0.00;31.70;7.20;2.40;0.00;0.00;0.00;0.00;0.00;0.00;0.00;0.00;0.00;11.80;0.00;70.30
00/01/07;0.00;14.60;11.70;13.60;9.90;17.00;2.10;34.00;5.30;7.00;11.60;0.00;0.00;3.80;21.00;14.80;73.40;10.50;32.00;22.80;0.00;0.60;0.00;0.00;64.10;44.60;50.00;3.40;2.80;0.30;;470.90
00/01/08;1.20;3.40;0.00;0.00;0.00;4.50;0.40;0.00;4.70;0.00;0.00;0.00;0.00;0.00;0.00;0.00;4.20;0.00;0.40;2.40;0.00;0.00;0.00;0.00;0.00;0.00;0.50;31.90;13.10;0.80;0.00;67.50
00/01/09;0.00;11.40;13.40;11.60;1.00;0.00;0.00;4.60;0.00;5.10;19.90;5.90;0.40;0.00;0.00;0.00;0.00;0.20;22.20;39.00;0.40;1.40;3.80;1.20;2.40;0.00;0.00;0.00;0.00;0.00;;143.90
00/01/10;0.00;5.60;18.30;4.90;6.80;5.20;3.40;4.30;5.60;1.30;0.40;0.00;0.00;0.00;0.00;0.00;0.00;0.00;0.00;0.00;0.00;0.80;0.00;1.70;19.00;67.40;0.00;2.80;0.00;0.00;4.60;152.10
00/01/11;11.80;0.40;0.40;1.00;0.00;0.00;0.00;0.00;0.60;1.80;0.00;0.00;0.00;0.00;0.00;0.00;1.20;1.00;3.40;0.40;0.00;4.70;0.60;1.60;1.00;0.00;0.00;0.00;0.00;0.00;0.00;29.90
00/01/12;0.00;0.00;0.00;0.00;0.00;0.00;0.00;0.00;0.00;0.00;0.00;0.00;0.00;0.00;0.00;13.80;2.00;0.70;47.60;0.40;10.40;27.50;32.10;79.90;23.10;0.60;2.80;63.50;33.70;0.40;;338.50
01/02/01;0.30;0.40;1.20;1.40;0.70;7.00;2.00;0.80;6.80;1.10;11.30;2.00;1.10;34.30;17.90;0.40;14.20;0.40;18.20;0.90;117.80;40.40;2.00;0.00;20.20;12.30;1.00;0.00;0.00;40.80;0.00;356.90
01/02/02;0.00;0.00;0.00;0.00;17.60;24.20;10.80;29.10;0.20;9.30;0.00;0.00;2.20;4.40;2.70;103.40;0.00;3.20;0.00;0.00;1.00;6.30;0.00;0.00;0.00;0.00;0.00;0.00;0.00;0.00;;214.40
01/02/03;0.00;0.00;5.10;74.90;24.70;17.20;0.00;0.00;0.00;0.00;0.00;0.00;0.00;0.00;0.00;0.00;0.00;1.40;1.80;85.00;121.30;0.00;39.20;6.90;9.60;0.00;0.00;0.00;0.00;0.80;0.00;387.90
01/02/04;0.00;0.00;0.00;0.00;2.70;0.00;0.00;0.00;16.20;0.00;0.40;0.00;0.00;0.00;0.00;0.00;0.00;0.00;0.00;0.00;17.00;0.00;0.00;0.00;0.00;0.00;0.00;0.00;0.00;0.00;3.90;40.20
01/02/05;1.90;7.00;0.50;0.00;0.00;0.00;0.00;0.00;0.00;6.40;8.50;0.00;0.00;0.00;0.00;0.00;0.00;0.00;0.00;0.20;0.00;0.00;0.00;0.00;0.00;0.00;0.00;0.00;;;;24.50
01/02/06;0.00;0.00;0.00;0.00;1.60;1.40;0.00;6.40;2.50;0.00;0.00;2.40;15.40;38.20;2.00;0.00;0.00;0.00;0.00;0.00;0.00;0.00;0.00;0.00;0.00;0.00;101.40;70.70;0.00;4.00;3.20;249.20
01/02/07;16.00;0.00;0.00;3.60;15.00;26.20;0.00;14.40;1.00;2.00;26.80;21.80;35.20;24.70;48.80;37.60;4.40;49.90;31.00;3.90;102.60;38.80;27.00;0.80;0.40;21.40;5.40;83.80;5.40;4.80;;652.70
01/02/08;19.90;15.60;53.50;0.00;2.80;4.00;1.20;0.00;0.00;2.60;0.20;19.20;21.00;0.00;0.00;3.20;34.20;54.80;0.50;10.20;33.20;0.20;32.40;3.40;29.80;4.60;4.80;21.60;0.00;0.00;8.60;381.50
01/02/09;50.60;14.90;0.00;0.00;0.00;91.10;5.60;5.80;17.20;9.20;25.00;10.10;2.60;0.00;0.00;0.00;0.00;0.00;0.00;0.00;0.00;0.00;0.00;6.60;0.00;0.00;0.00;0.00;0.00;0.00;;238.70
01/02/10;24.70;6.00;1.30;1.40;0.00;0.60;1.20;0.00;0.00;0.00;1.10;3.10;12.00;8.80;5.00;0.00;0.00;0.60;0.00;0.50;1.10;4.20;0.00;1.20;0.00;0.00;0.00;1.00;0.00;0.00;0.00;73.80
01/02/11;0.40;5.20;1.80;4.40;3.20;0.00;9.60;0.80;0.00;3.60;0.00;0.00;0.00;0.30;13.20;26.80;0.60;0.00;0.00;0.00;0.00;1.00;0.20;0.00;0.00;0.00;0.00;0.00;0.00;0.00;0.20;71.30
01/02/12;0.00;0.60;0.00;0.00;0.00;2.40;0.00;0.00;0.00;0.00;0.00;0.00;0.00;0.00;0.00;13.20;2.60;0.30;6.20;0.00;0.60;0.00;2.40;3.50;0.00;0.00;0.00;0.00;10.80;86.80;;129.40
02/03/01;7.20;8.10;0.00;41.90;8.00;27.50;2.80;16.60;2.60;3.80;0.20;38.00;0.00;7.10;2.30;28.80;0.60;41.00;35.10;66.60;2.00;0.00;6.40;15.20;1.60;5.60;0.00;1.00;43.00;31.20;13.40;457.60
02/03/02;0.00;29.40;0.00;25.80;60.80;5.40;3.60;1.20;3.80;19.20;1.20;0.30;8.80;0.60;1.30;7.60;38.40;6.60;2.00;15.00;61.10;87.60;0.00;0.00;0.00;0.00;0.00;0.00;0.00;0.00;;379.70
02/03/03;0.00;0.00;56.10;0.00;0.00;48.20;39.20;0.00;0.00;4.60;1.80;1.30;12.60;0.00;0.90;5.00;0.00;4.30;0.40;0.00;0.00;0.00;1.00;0.00;0.00;0.00;0.00;0.00;0.00;0.00;0.00;175.40
02/03/04;0.00;0.00;0.00;0.90;2.80;2.30;6.00;45.60;6.50;4.80;0.00;0.00;0.00;0.00;19.60;0.00;0.00;0.00;0.00;0.00;11.80;0.40;19.30;0.00;0.00;0.00;0.00;0.00;0.00;0.00;2.30;122.30
02/03/05;0.00;0.00;0.00;0.00;0.00;1.90;4.70;0.00;0.00;0.00;4.70;5.20;0.00;0.00;14.40;0.00;0.00;0.00;0.00;0.00;0.00;0.00;0.00;0.00;0.00;0.00;0.00;0.00;;;;30.90
02/03/06;0.00;0.00;0.00;0.70;2.10;21.50;8.90;0.00;0.00;0.00;3.80;26.20;13.40;16.00;3.40;12.30;3.80;13.80;84.70;19.80;3.90;0.00;31.80;0.00;0.00;8.40;0.00;0.00;0.00;0.00;0.00;274.50
02/03/07;0.00;30.80;0.00;0.00;0.00;0.40;0.00;0.00;9.80;4.80;1.60;12.80;0.00;1.20;7.60;30.60;0.00;0.70;0.60;0.00;11.60;27.00;0.00;8.60;61.00;48.50;39.20;69.40;26.20;57.80;;450.20
02/03/08;0.00;7.20;3.00;1.40;0.00;2.00;19.00;0.00;0.00;0.00;0.00;16.20;0.00;7.80;14.40;13.60;86.00;2.60;0.00;0.00;0.80;0.00;0.00;0.00;0.00;0.00;0.00;0.00;0.00;0.00;0.00;174.00
02/03/09;2.20;0.60;14.00;3.60;0.60;0.40;1.80;0.00;0.60;11.80;6.70;2.50;6.00;32.80;0.70;2.80;15.00;28.00;33.40;11.80;5.00;18.20;7.70;7.40;3.40;0.20;1.40;5.40;0.80;20.20;;245.00
02/03/10;28.60;0.40;10.40;19.00;4.20;7.20;0.80;0.00;1.80;37.60;15.40;1.40;30.40;34.80;0.80;0.20;0.20;0.00;0.00;0.60;12.60;2.00;0.30;0.20;2.00;1.00;0.40;0.00;0.00;45.40;0.00;257.70
02/03/11;13.60;0.00;0.00;2.40;8.60;3.40;1.40;1.60;3.00;0.80;3.20;16.80;34.20;29.60;34.80;9.00;1.20;0.40;0.00;1.00;4.30;24.60;16.80;0.60;2.40;4.80;0.00;0.00;0.00;0.00;2.50;221.00
02/03/12;19.60;2.20;0.30;0.80;0.00;10.00;0.00;0.00;2.60;1.60;0.00;0.00;0.00;0.00;6.00;0.00;2.40;0.40;16.60;44.30;6.60;0.00;6.00;2.00;0.00;0.00;0.00;0.00;10.60;8.60;;140.60
03/04/01;0.40;0.60;2.20;5.80;21.50;0.60;52.40;21.20;0.00;0.00;0.00;36.60;0.00;0.00;33.60;4.20;0.20;15.00;5.90;31.80;0.40;0.00;0.00;3.80;0.40;77.00;0.20;0.00;0.00;0.00;27.00;340.80
03/04/02;15.60;0.00;84.20;28.40;9.00;0.60;1.00;12.40;0.00;0.00;0.00;0.00;0.70;7.20;53.80;29.40;2.60;13.30;6.20;5.70;43.60;1.60;0.00;0.00;0.00;0.00;5.00;0.00;35.40;0.60;;356.30
03/04/03;0.00;0.00;0.00;0.00;1.60;0.00;0.00;0.00;0.00;0.00;0.00;0.00;0.00;0.00;0.00;0.00;0.00;0.00;0.00;0.00;0.00;0.00;0.00;0.00;0.40;0.60;0.20;0.00;0.00;0.00;0.00;2.80
03/04/04;0.00;0.00;0.00;0.00;0.00;0.00;0.00;0.00;0.00;0.00;0.00;0.00;0.00;0.00;0.00;0.00;0.00;0.00;0.00;0.00;0.00;0.00;0.00;0.00;0.80;0.00;0.00;0.00;0.00;0.00;0.00;0.80
03/04/05;0.00;0.00;0.00;0.00;0.00;0.00;17.20;0.00;0.00;0.00;0.00;0.00;1.20;0.00;0.00;0.00;0.00;0.00;0.00;0.00;0.00;0.00;4.50;0.00;0.00;0.00;0.00;0.00;0.00;;;22.90
03/04/06;0.00;0.00;0.00;0.00;0.00;0.00;0.00;0.00;0.00;0.00;17.60;51.00;4.60;21.50;4.20;25.40;0.00;13.00;0.00;0.00;0.00;0.00;0.00;0.00;0.00;0.00;0.00;12.60;2.00;0.00;8.30;160.20
03/04/07;10.60;0.00;1.00;16.20;7.60;19.60;0.00;0.00;13.00;0.60;20.60;0.00;50.20;0.00;0.00;0.00;0.00;0.00;0.00;0.00;8.80;4.20;27.40;8.40;9.80;11.80;0.00;0.00;0.00;2.60;;212.40
03/04/08;6.20;8.60;20.10;28.70;16.90;4.50;3.20;0.40;0.00;0.00;1.00;7.50;2.80;12.40;11.20;1.80;2.40;12.80;0.00;31.90;4.60;2.80;7.20;0.80;0.80;22.50;11.40;5.20;2.60;16.20;1.80;248.30
03/04/09;16.30;15.00;57.60;4.20;9.80;0.00;23.40;1.00;3.00;0.00;22.40;15.50;7.50;1.40;0.00;16.00;21.50;5.00;0.00;0.00;0.00;0.00;1.00;0.00;0.60;2.20;0.00;23.90;18.80;2.20;;268.30
03/04/10;7.20;14.40;11.10;11.10;0.60;100.60;8.00;16.70;13.10;0.70;0.30;3.00;0.30;0.80;4.60;4.90;14.40;33.20;0.20;2.60;0.40;0.00;1.60;1.30;0.40;3.40;1.80;1.40;5.30;0.00;0.00;263.40
03/04/11;0.00;0.00;1.20;41.80;7.00;14.60;0.60;0.00;0.00;0.00;0.00;0.00;1.40;20.40;2.00;6.20;5.30;0.40;0.00;0.00;0.00;0.00;0.00;0.00;0.00;0.00;0.00;0.00;0.00;0.00;0.00;100.90
03/04/12;0.00;0.00;0.00;0.00;6.20;8.40;34.80;0.00;0.00;2.00;10.20;0.60;5.60;0.70;3.80;2.40;57.10;10.00;41.90;6.90;15.80;20.80;46.80;1.60;21.20;21.40;3.50;0.00;0.00;1.80;;323.50
04/05/01;21.80;1.30;10.20;4.40;9.20;0.80;2.40;3.20;2.20;0.00;12.10;14.30;33.00;36.60;5.70;5.10;77.80;19.10;32.00;26.20;16.00;28.60;14.80;7.10;0.00;1.30;9.10;48.10;0.00;10.00;17.90;470.30
04/05/02;176.20;0.00;0.00;0.00;12.40;6.00;25.80;12.60;12.40;10.20;7.30;3.00;23.60;0.00;1.30;0.20;0.00;0.00;0.00;0.00;0.60;11.30;0.00;0.00;0.00;0.00;0.00;0.00;0.00;4.00;;306.90
04/05/03;14.20;0.40;10.00;0.00;1.00;0.00;0.00;0.00;0.00;0.00;6.90;40.10;11.70;15.20;28.80;0.00;0.00;0.00;0.00;0.00;0.00;0.00;0.00;0.00;0.00;0.00;13.80;16.90;5.80;1.40;0.90;167.10
04/05/04;0.40;0.00;0.00;0.00;0.00;0.00;0.00;0.00;0.00;0.00;0.00;0.00;0.00;0.00;0.00;0.00;0.00;4.50;0.00;1.80;0.20;13.30;7.40;38.20;1.20;25.60;0.00;0.00;0.00;0.00;0.00;92.60
04/05/05;86.80;0.00;0.00;0.00;0.00;0.00;0.00;0.00;0.00;0.00;0.00;0.00;0.00;0.00;0.00;0.00;0.00;0.00;0.00;0.00;0.00;0.00;0.00;0.00;0.00;0.00;0.00;0.00;;;;86.80
04/05/06;0.00;0.00;0.30;0.00;62.40;32.80;0.00;14.20;0.00;65.00;18.00;80.80;0.70;0.00;0.00;0.00;0.00;0.00;0.00;38.80;0.00;0.00;0.00;2.40;0.00;0.00;0.00;0.00;0.80;45.00;0.00;361.20
04/05/07;0.30;3.80;0.00;3.60;0.40;0.00;0.00;0.00;0.00;1.60;0.00;0.00;12.20;2.00;0.00;4.40;2.00;12.40;31.60;0.40;6.60;30.60;1.00;3.00;36.40;98.00;90.60;0.00;0.60;0.00;;341.50
04/05/08;1.60;22.20;4.40;0.00;1.20;1.50;0.00;0.00;0.00;0.40;0.00;0.40;0.00;0.00;0.00;0.00;0.00;0.00;1.40;0.00;5.20;0.00;6.30;0.00;0.00;0.00;5.00;23.00;22.20;0.30;5.60;100.70
04/05/09;2.20;0.50;1.20;2.20;25.20;16.00;1.00;71.60;42.40;1.60;6.40;0.80;7.40;8.40;3.20;9.40;3.80;6.10;6.50;21.40;0.40;0.20;0.80;2.10;8.20;3.60;3.40;1.40;0.00;0.00;;257.40
04/05/10;0.00;7.80;9.20;39.20;10.00;1.80;0.40;5.60;21.80;9.80;1.00;0.00;0.80;25.60;47.60;0.80;0.00;0.40;1.80;2.60;0.00;0.60;12.20;2.60;15.20;7.40;15.80;8.20;1.60;0.00;0.00;249.80
04/05/11;15.50;0.00;0.00;0.00;0.00;0.00;0.00;0.00;0.00;0.00;1.20;1.20;5.40;0.20;7.40;0.80;0.00;0.00;0.00;0.00;0.00;0.00;0.00;0.00;0.00;0.00;0.00;0.00;31.00;6.90;12.20;81.80
04/05/12;9.40;2.80;33.10;44.40;2.40;3.80;3.50;7.60;7.40;17.10;20.00;0.30;7.70;2.80;0.00;0.00;0.00;0.00;0.00;3.60;0.90;0.40;0.60;7.00;0.00;0.00;0.00;0.00;0.00;1.80;;176.60
05/06/01;0.80;0.00;0.00;0.00;0.00;72.20;8.00;6.30;4.80;63.60;22.40;18.70;0.00;0.00;0.00;6.60;8.70;17.20;53.80;27.20;40.50;21.80;2.00;18.80;5.20;51.00;11.40;2.20;1.00;45.80;0.00;510.00
05/06/02;64.60;22.90;12.80;13.40;42.20;40.00;4.70;1.20;2.80;15.00;47.80;14.20;16.60;4.40;4.30;0.00;0.00;0.00;0.80;10.60;27.00;31.40;0.40;31.60;68.80;2.40;39.80;52.40;0.00;0.00;;572.10
05/06/03;0.00;0.00;13.60;0.00;5.60;1.20;0.00;0.00;17.20;0.60;1.00;10.60;0.00;29.60;0.00;3.40;4.50;41.90;1.20;3.20;2.30;0.00;0.00;0.00;0.00;0.00;0.00;0.00;0.00;0.00;0.00;135.90
05/06/04;0.00;0.60;0.00;0.00;47.20;2.80;0.00;15.20;0.00;0.00;13.20;2.00;64.20;32.90;18.60;12.80;0.00;0.00;0.00;0.00;0.00;0.00;0.00;0.00;0.00;0.00;2.20;0.00;0.00;0.00;0.00;211.70
05/06/05;0.00;0.00;8.60;4.40;0.00;0.00;0.00;0.00;5.40;0.00;0.00;0.00;0.00;0.00;0.00;0.00;0.00;0.00;0.00;0.00;0.00;0.00;0.00;0.00;0.00;47.90;13.40;0.00;;;;79.70
05/06/06;21.40;7.40;6.40;101.60;0.00;16.20;0.00;0.40;12.60;18.40;4.60;0.00;2.60;0.00;74.60;0.00;15.80;0.00;0.00;0.00;0.00;0.00;0.00;0.00;0.00;1.90;0.00;0.00;4.00;0.00;34.00;321.90
05/06/07;36.00;44.00;0.00;0.00;0.00;0.00;0.00;0.00;0.00;58.20;0.00;0.00;2.60;8.20;59.00;16.60;1.40;2.40;2.00;11.80;0.60;0.00;0.00;0.00;0.00;0.00;0.00;0.00;0.40;0.00;;243.20
05/06/08;0.00;0.00;12.00;1.00;0.00;0.00;0.00;8.40;1.40;0.00;0.00;0.00;33.80;0.00;1.20;0.00;1.40;10.60;21.20;1.80;15.80;1.40;8.00;13.00;12.80;20.80;31.00;21.00;26.80;8.30;1.80;253.50
05/06/09;0.00;0.00;0.00;0.00;2.00;0.00;0.00;0.00;7.80;2.40;0.00;0.00;0.00;0.00;3.00;46.60;0.00;0.00;78.00;50.60;26.00;56.60;10.10;1.00;0.00;0.00;0.60;2.40;0.00;0.00;;287.10
05/06/10;0.00;7.00;32.60;14.40;11.80;1.00;0.00;0.40;0.00;2.40;0.40;4.80;0.00;2.60;0.00;0.80;12.80;0.00;0.00;0.60;1.40;0.00;0.00;0.00;0.00;15.40;21.00;2.20;3.60;0.00;0.80;136.00
05/06/11;0.60;0.40;0.00;0.00;0.00;0.00;0.00;0.00;2.80;75.20;29.40;24.40;25.20;32.40;17.80;4.20;6.60;9.20;17.80;4.20;6.40;1.80;6.00;21.60;0.00;2.00;0.00;0.00;2.40;0.00;0.00;290.40
05/06/12;0.00;1.20;0.40;0.40;0.60;20.20;6.20;21.90;6.30;2.80;1.00;22.80;11.60;4.00;0.00;0.00;0.00;2.80;0.00;0.00;0.00;0.00;0.00;0.60;35.10;0.00;0.00;0.00;0.00;0.00;;137.90
06/07/01;0.00;0.00;0.00;26.20;10.00;1.40;2.40;12.70;0.80;6.40;1.80;20.00;0.00;0.00;102.20;48.30;12.00;30.00;16.20;52.80;44.20;3.20;37.00;63.80;31.60;37.40;30.60;12.00;0.00;6.40;37.60;647.00
06/07/02;0.00;0.00;133.60;55.00;53.00;79.80;0.00;14.80;1.00;40.20;75.20;82.80;27.00;20.70;25.10;22.10;47.80;83.20;5.90;2.70;2.80;6.00;5.80;0.00;10.40;42.50;7.20;0.00;0.00;0.00;;844.60
06/07/03;0.00;0.40;4.40;0.00;0.00;1.80;2.50;0.00;0.00;9.00;64.40;0.00;0.00;0.00;0.60;1.80;0.00;4.20;53.80;0.00;0.00;0.00;0.00;0.00;0.00;0.00;0.00;0.00;0.00;0.00;0.00;142.90
06/07/04;0.00;0.00;0.00;0.00;0.00;0.00;0.00;3.20;6.60;10.80;11.80;2.00;0.00;0.00;0.00;0.00;0.00;0.00;0.00;0.00;0.00;0.00;0.00;0.00;0.00;0.30;20.60;0.00;0.00;0.00;0.00;55.30
06/07/05;0.00;0.00;0.00;0.00;0.00;0.00;0.00;0.00;0.00;0.00;0.00;0.00;0.00;0.00;0.00;0.00;0.00;0.00;0.00;0.00;0.00;0.00;0.00;0.00;0.00;0.00;0.00;0.00;;;;0.00
06/07/06;0.00;4.40;0.00;0.00;0.00;0.00;0.00;0.00;0.00;0.00;0.00;13.40;2.40;5.80;30.40;45.00;0.60;0.00;0.00;0.00;0.00;0.00;0.00;0.00;0.00;0.00;0.00;0.00;0.00;0.00;44.00;146.00
06/07/07;0.00;0.00;4.80;0.60;11.80;0.80;62.60;33.00;1.00;18.50;12.40;43.70;6.60;0.00;8.20;0.00;0.00;0.00;0.40;11.00;2.20;12.40;26.80;0.00;8.80;34.20;10.00;23.40;50.60;0.00;;383.80
06/07/08;0.00;0.00;23.90;0.00;0.00;4.50;4.20;9.00;32.40;8.40;2.80;0.50;0.00;0.00;0.00;0.00;0.00;0.00;0.00;0.00;0.00;0.00;0.00;0.00;0.00;0.00;95.70;3.40;3.60;5.80;0.00;194.20
06/07/09;0.00;0.00;0.00;0.00;0.00;5.20;39.00;0.00;0.00;2.00;12.50;1.40;121.20;1.50;7.60;0.00;0.80;3.00;0.00;1.00;22.10;36.30;0.90;0.00;0.00;0.00;0.00;0.00;0.00;0.00;;254.50
06/07/10;0.60;7.40;11.60;0.00;0.60;0.50;0.00;0.00;0.00;4.20;13.50;0.60;0.00;0.00;0.00;8.60;5.30;0.40;83.00;6.60;0.40;0.60;0.00;6.70;0.00;0.00;0.00;0.00;1.80;0.70;0.00;153.10
06/07/11;16.20;11.60;11.40;0.00;0.00;0.00;0.00;0.00;0.80;0.00;2.80;5.60;1.50;0.00;0.00;0.00;2.20;0.80;1.20;2.60;3.20;0.00;0.20;0.00;18.80;9.60;3.90;0.70;27.50;60.00;29.90;210.50
06/07/12;1.80;14.20;0.00;2.20;20.80;19.40;6.80;11.00;43.40;0.00;0.00;27.80;33.20;6.90;4.40;49.10;38.80;25.20;1.00;1.20;5.40;9.20;3.90;1.80;0.00;0.00;3.20;8.20;0.00;1.00;;339.90
07/08/01;0.60;4.80;0.00;6.80;13.10;7.60;52.10;0.00;0.00;0.00;0.00;3.00;0.00;21.60;0.00;3.20;35.80;0.20;20.80;2.80;30.00;34.40;2.40;6.80;9.00;19.50;4.60;5.60;7.10;3.60;0.00;295.40
07/08/02;0.00;32.30;14.10;41.20;5.40;49.20;6.00;0.00;0.00;0.00;0.40;1.20;1.80;0.00;0.00;0.00;0.00;0.00;5.00;3.20;6.00;30.00;0.00;0.00;0.00;0.00;0.00;0.00;0.00;0.00;;195.80
07/08/03;0.00;2.00;0.00;0.00;0.00;0.00;0.00;0.00;0.00;0.00;0.00;1.20;18.40;3.40;0.00;0.00;9.30;16.00;0.00;0.00;5.20;17.90;3.20;0.00;0.00;0.00;0.00;0.00;0.00;0.00;0.00;76.60
07/08/04;0.00;0.60;7.00;0.00;0.30;0.00;1.00;14.80;0.40;0.40;5.20;1.10;1.50;0.00;0.00;0.00;0.00;0.00;0.00;0.00;1.40;0.00;0.00;0.00;0.00;0.00;0.00;0.00;0.00;0.00;0.00;33.70
07/08/05;0.00;2.80;0.00;0.00;0.00;5.60;25.90;4.70;2.40;0.00;50.40;36.90;11.80;0.00;0.00;0.00;0.00;0.00;0.00;0.00;0.00;0.00;0.00;0.00;0.00;0.40;21.90;0.70;29.90;;;193.40
07/08/06;4.40;0.40;0.00;117.80;35.00;0.00;0.00;0.00;36.60;54.80;66.80;20.50;13.20;13.00;33.70;0.20;14.20;1.40;0.00;0.00;0.00;10.60;4.30;0.00;0.00;0.00;0.00;26.10;0.00;0.00;1.20;454.20
07/08/07;0.00;32.50;13.60;9.20;12.80;0.00;46.10;60.60;6.80;3.20;21.80;43.10;37.80;0.00;8.50;0.00;12.60;12.40;32.10;0.00;0.00;0.00;0.00;0.00;36.80;65.80;62.00;53.80;0.20;0.00;;571.70
07/08/08;1.00;0.00;2.20;4.90;3.80;6.50;0.00;19.40;0.00;0.40;0.00;40.00;18.30;4.40;0.00;1.00;0.00;5.40;0.50;0.00;0.00;111.40;58.80;0.00;0.00;1.60;0.70;1.70;3.90;100.30;35.30;421.50
07/08/09;5.40;8.30;17.00;6.00;0.00;40.00;0.40;0.30;6.60;11.20;0.40;0.00;0.00;1.00;0.00;0.00;8.20;16.10;7.20;8.00;8.80;3.60;6.60;2.20;12.00;0.00;0.00;0.20;1.80;30.00;;201.30
07/08/10;21.60;0.00;0.00;0.20;0.00;11.20;27.00;1.40;0.00;0.00;25.00;0.30;1.80;17.20;96.20;12.80;0.00;232.70;9.00;0.90;0.00;41.60;4.00;5.80;2.80;2.60;7.20;9.40;1.60;1.40;1.40;535.10
07/08/11;0.20;0.00;0.00;0.00;0.40;0.00;0.00;0.00;0.00;0.00;0.00;0.00;1.50;1.30;0.00;0.00;0.00;0.00;0.00;0.00;0.00;0.00;0.00;0.00;44.00;5.40;0.00;0.00;6.10;26.40;18.80;104.10
07/08/12;0.00;0.00;1.80;16.00;3.40;21.40;2.20;20.60;1.60;0.00;19.70;0.00;0.00;0.00;0.00;0.00;0.00;0.00;0.00;0.00;0.00;0.00;0.00;0.00;0.00;1.60;1.20;0.00;0.00;0.00;;89.50
08/09/01;0.00;0.00;0.00;0.00;0.40;0.00;21.00;24.80;0.00;14.60;19.60;25.40;0.00;46.00;7.40;48.80;69.80;85.20;5.40;31.00;42.60;46.40;24.60;16.80;18.20;26.20;0.40;0.00;0.00;0.00;0.00;574.60
08/09/02;0.00;0.00;0.00;0.00;0.00;0.00;0.00;38.40;0.00;0.00;1.20;22.20;0.00;0.00;0.00;0.00;0.00;0.40;1.00;19.00;15.40;0.20;118.00;27.20;24.40;24.20;23.60;47.40;5.70;9.00;;377.30
08/09/03;0.00;0.00;6.40;0.00;0.00;5.20;15.40;7.00;0.00;0.00;0.60;0.00;0.00;2.00;2.60;0.20;14.50;18.00;32.60;0.00;0.00;0.00;0.00;0.00;0.00;0.00;0.00;0.00;0.00;0.00;0.00;104.50
08/09/04;0.00;0.00;0.00;0.00;0.00;0.00;0.40;0.30;1.40;0.00;0.00;0.00;0.00;0.00;0.00;0.00;0.00;0.00;0.00;0.00;0.00;0.00;0.00;0.00;1.20;0.20;77.20;16.20;0.00;0.00;0.00;96.90
08/09/05;0.00;0.00;0.00;0.00;0.00;0.00;0.00;0.00;0.00;0.00;0.00;0.00;0.00;0.00;0.00;0.00;0.00;0.00;0.00;0.00;0.00;0.00;2.40;0.00;0.00;0.00;0.20;0.00;;;;2.60
08/09/06;0.00;0.00;0.00;0.00;0.00;0.00;0.00;19.60;19.00;0.00;16.40;34.20;3.00;38.40;41.40;0.20;7.40;5.50;2.60;0.00;0.00;0.00;5.00;25.20;0.00;23.60;18.60;15.80;7.10;24.00;0.00;307.00
08/09/07;19.00;0.00;15.80;0.00;15.40;52.20;5.00;17.00;3.00;83.50;0.00;3.60;43.40;0.00;0.00;0.00;0.00;0.00;0.00;0.00;0.00;0.00;15.20;0.00;0.00;0.20;3.60;13.40;0.00;7.40;;297.70
08/09/08;2.80;1.00;0.00;0.60;0.00;0.00;0.60;6.20;0.00;0.00;0.00;0.00;0.00;0.00;0.00;0.00;0.00;4.60;118.00;24.20;41.80;10.80;23.40;10.40;24.80;21.40;0.00;0.00;0.40;37.20;28.60;356.80
08/09/09;0.20;0.00;0.00;2.60;41.00;0.00;0.00;1.00;0.00;2.60;8.40;12.80;4.60;1.40;2.00;0.00;6.60;9.60;29.20;0.60;0.60;4.40;4.80;6.80;9.60;3.60;27.80;14.10;15.40;0.60;;210.30
08/09/10;25.80;1.20;0.00;0.00;0.80;0.40;0.00;0.00;0.00;0.00;0.00;2.20;0.00;0.00;11.00;28.60;35.60;0.00;0.00;0.00;0.00;0.00;0.00;0.00;0.00;4.20;0.00;0.00;0.00;3.80;0.80;114.40
08/09/11;13.00;1.60;1.00;0.00;1.60;4.00;10.40;1.20;2.60;0.40;0.40;0.20;0.00;51.20;0.20;155.40;14.20;0.00;71.20;0.80;37.40;4.60;7.00;11.00;0.60;19.70;0.20;1.40;0.20;6.40;21.60;439.50
08/09/12;20.60;9.80;1.40;27.40;14.00;11.80;2.20;0.00;0.40;0.00;0.00;0.00;0.00;0.00;0.00;0.00;0.60;51.60;4.00;21.80;9.00;3.40;1.40;0.00;0.00;0.00;0.00;17.40;21.60;17.00;;235.40
09/10/01;45.40;18.20;18.20;0.00;0.00;0.00;0.00;0.00;0.00;0.00;0.00;2.40;0.00;91.20;0.00;0.00;0.00;1.20;4.80;7.20;2.20;0.00;0.00;0.00;0.00;0.00;16.60;66.00;63.30;0.00;11.00;347.70
09/10/02;0.00;9.20;36.60;5.00;0.60;24.60;3.40;4.30;29.80;0.90;0.00;1.40;3.70;5.60;3.80;0.00;13.40;3.20;43.00;19.40;10.20;26.20;4.80;5.40;2.40;0.00;0.00;0.00;0.00;3.90;;260.80
09/10/03;98.50;69.40;53.40;0.00;0.00;0.00;6.80;0.00;9.40;1.40;0.00;17.80;3.10;17.00;3.90;0.00;0.00;0.00;0.00;0.00;3.20;0.00;0.40;2.00;11.80;79.00;5.40;5.40;0.00;0.00;0.00;387.90
09/10/04;0.00;0.00;0.00;0.00;0.00;0.00;0.00;0.00;22.80;5.40;42.20;29.70;20.20;0.00;0.00;8.20;0.00;0.00;0.00;0.00;0.00;0.00;0.00;0.00;0.00;0.00;0.00;0.00;0.00;0.00;0.00;128.50
09/10/05;0.00;0.00;0.00;0.00;0.00;0.00;0.00;0.00;0.00;7.20;0.00;0.00;0.00;0.00;0.00;0.00;0.00;0.00;0.00;0.00;0.00;0.00;0.00;0.00;0.00;0.00;0.00;24.40;;;;31.60
09/10/06;0.00;0.00;0.00;0.00;0.00;0.00;0.00;0.00;0.00;0.00;0.00;0.00;0.00;0.00;0.00;23.00;0.00;23.00;0.00;0.00;0.00;0.00;0.00;0.00;0.00;29.10;37.60;0.00;3.60;3.60;0.80;120.70
09/10/07;0.00;0.00;0.00;7.80;28.40;10.00;19.40;0.00;3.60;10.60;0.00;0.00;0.00;0.00;0.00;63.00;18.60;8.40;0.00;0.00;101.20;0.00;58.10;21.20;16.80;61.40;4.40;32.20;51.60;141.00;;657.70
09/10/08;51.20;0.00;0.00;1.20;12.10;0.00;0.40;7.00;0.00;1.20;0.00;0.80;0.00;0.70;0.00;3.40;39.60;35.40;54.10;27.40;11.80;3.80;8.60;19.60;25.20;1.50;0.00;0.80;2.40;0.60;0.00;308.80
09/10/09;0.00;0.00;0.30;0.00;38.20;4.00;21.80;2.40;22.00;13.00;27.80;17.60;1.20;1.80;0.00;0.00;11.40;0.70;1.80;0.60;9.00;18.00;41.80;0.00;0.00;2.20;12.00;9.20;7.00;2.30;;266.10
09/10/10;15.10;4.00;5.80;0.00;0.00;0.00;0.00;50.40;13.80;2.20;0.00;0.00;11.40;6.80;28.00;9.80;14.60;1.60;7.20;0.00;0.00;0.00;0.00;0.40;0.00;0.00;0.00;9.80;0.00;0.00;0.00;180.90
09/10/11;0.00;0.00;2.10;2.00;0.00;0.00;0.00;2.20;0.00;0.00;0.00;0.00;3.30;10.80;11.00;1.80;0.00;0.00;0.60;39.00;8.40;0.00;1.80;0.80;1.40;2.20;0.00;0.20;22.80;4.60;0.00;115.00
09/10/12;0.00;0.00;0.00;0.80;0.00;0.20;0.00;0.00;0.00;15.60;0.00;0.00;2.20;3.60;0.00;0.40;0.80;15.20;20.40;6.60;34.40;3.00;30.40;25.20;0.40;2.70;18.40;31.80;0.60;13.60;;226.30
10/11/01;122.00;41.60;20.80;0.20;13.10;50.70;19.30;30.20;3.10;0.00;1.20;0.00;0.00;0.00;0.00;2.00;5.40;5.80;1.60;0.00;0.40;0.00;0.00;0.00;0.80;0.00;0.00;0.00;4.80;9.60;14.60;347.20
10/11/02;5.40;0.00;0.00;46.60;28.60;37.40;32.20;0.20;0.60;54.00;1.20;0.00;1.60;31.80;36.40;0.00;42.20;32.00;0.00;21.60;30.20;40.60;53.50;8.80;30.80;30.40;1.00;65.20;1.20;28.60;;662.10
10/11/03;100.20;26.00;4.00;38.30;1.60;9.20;29.40;21.00;13.80;0.20;0.00;0.00;0.00;0.00;0.00;22.60;0.00;0.00;0.00;0.00;11.00;19.80;35.00;6.00;0.00;0.60;0.00;0.00;0.00;0.40;0.00;339.10
10/11/04;0.00;0.00;0.00;2.00;0.00;0.80;21.90;65.50;32.10;4.60;0.00;5.60;0.80;8.60;0.00;0.00;0.00;0.00;0.00;0.00;0.00;0.00;0.00;0.00;3.20;0.60;0.70;2.80;0.00;0.00;12.60;161.80
10/11/05;20.40;42.20;7.20;3.90;1.10;0.00;3.00;0.00;0.00;0.00;0.00;0.00;0.00;0.00;0.00;0.00;0.00;0.20;12.80;13.20;11.60;0.00;0.00;0.00;0.00;0.00;0.00;8.70;;;;124.30
10/11/06;0.00;0.00;32.40;36.10;8.00;0.00;0.00;0.00;0.00;0.00;0.00;0.00;11.40;2.30;0.00;0.00;0.00;0.00;0.00;0.60;2.80;0.00;0.00;0.00;29.90;0.00;0.00;0.00;2.30;0.80;0.00;126.60
10/11/07;0.00;0.00;0.00;0.00;0.00;0.00;12.50;14.80;59.70;10.00;6.00;26.30;35.40;3.00;7.00;10.60;6.10;52.50;76.20;24.00;25.20;18.10;26.70;4.80;16.00;10.60;9.30;100.40;0.00;33.00;;588.20
10/11/08;126.40;4.50;0.00;0.00;0.00;0.00;0.00;1.20;1.20;0.00;1.30;0.00;0.00;0.00;0.00;0.90;0.40;0.00;0.00;0.00;0.00;0.00;0.00;31.90;15.80;248.40;12.40;29.60;5.70;1.20;71.30;552.20
10/11/09;35.90;0.00;3.20;14.10;3.80;15.60;4.30;0.00;8.40;0.80;0.00;0.00;0.00;12.50;1.50;6.10;0.50;2.20;0.00;1.80;0.80;0.00;0.00;0.90;0.50;0.00;0.00;0.00;0.00;0.00;;112.90
10/11/10;0.00;0.00;0.00;0.00;14.80;0.00;0.00;0.00;0.00;0.00;0.00;6.00;3.40;0.00;15.90;13.80;3.40;3.00;0.30;0.00;0.00;0.00;0.60;11.20;0.00;0.00;0.00;0.00;2.20;3.20;0.00;77.80
10/11/11;0.00;0.00;14.60;0.00;15.10;7.40;0.50;10.30;0.00;0.20;0.40;0.80;0.00;0.00;95.50;11.40;1.70;0.00;0.00;2.90;13.70;21.30;35.20;11.10;9.40;1.90;0.00;0.00;10.50;12.30;8.80;285.00
10/11/12;0.00;1.40;3.50;0.00;1.60;20.10;0.00;0.40;26.20;45.00;9.90;45.90;6.20;3.60;12.90;10.40;0.00;0.00;0.00;8.00;0.80;0.30;1.10;0.00;0.00;0.00;0.00;0.00;0.00;0.00;;197.30
11/12/01;0.00;0.00;0.80;0.00;0.00;0.00;0.00;0.00;0.00;2.60;1.40;0.50;0.00;10.10;0.00;0.50;0.00;0.00;9.80;4.60;80.20;0.00;123.70;17.10;70.50;14.10;39.20;12.20;14.80;5.40;0.60;408.10
11/12/02;15.90;1.90;5.40;0.00;0.00;3.80;47.50;0.00;0.00;0.00;0.00;0.00;0.00;0.00;0.00;0.00;33.10;0.00;0.20;0.20;11.00;0.00;0.00;18.00;12.10;0.00;7.70;0.00;0.00;0.00;;156.80
11/12/03;0.00;38.30;0.00;0.00;0.00;0.00;0.00;0.00;39.40;0.00;1.30;53.70;0.00;0.00;1.20;0.00;0.00;0.90;4.90;2.20;0.80;0.70;3.30;0.00;0.00;0.00;0.00;0.00;0.00;0.00;0.00;146.70
11/12/04;0.00;0.00;0.00;8.60;0.00;0.00;2.10;55.30;0.00;0.00;0.00;0.00;0.00;0.00;0.00;0.00;0.00;0.00;0.00;0.00;0.00;0.00;0.00;0.00;0.00;0.00;0.00;0.00;0.00;0.00;0.00;66.00
11/12/05;0.00;0.00;0.00;0.00;1.80;0.00;0.00;0.00;3.00;75.60;0.00;0.00;31.70;69.60;0.00;0.00;6.80;0.00;0.00;0.00;0.00;0.00;0.00;0.00;0.00;0.00;12.00;4.70;0.00;;;205.20
11/12/06;2.10;0.00;0.00;0.70;0.40;0.00;0.00;0.00;0.00;0.00;0.00;0.00;2.00;6.50;40.90;24.20;0.00;0.00;0.00;0.00;0.00;0.00;0.00;0.00;0.00;0.00;0.00;17.00;4.20;0.00;14.00;112.00
11/12/07;0.00;3.20;0.00;35.90;0.00;0.00;8.10;38.90;28.10;34.00;5.00;0.00;22.70;40.30;6.20;6.50;5.80;3.00;1.00;7.00;4.90;12.90;7.60;13.50;5.50;8.10;2.40;0.60;2.10;0.20;;303.50
11/12/08;1.00;0.00;0.00;0.00;0.00;0.00;0.00;0.00;0.00;0.00;0.00;0.00;11.60;0.90;0.00;0.00;0.00;0.00;0.00;0.00;0.00;2.60;0.00;1.80;7.30;0.30;1.90;0.00;3.60;0.00;0.00;31.00
11/12/09;0.00;0.00;1.60;11.90;9.30;19.50;11.90;0.00;0.00;0.00;0.00;28.80;13.10;0.50;0.00;0.00;21.80;1.10;9.60;4.80;3.80;4.80;21.80;2.60;13.90;1.20;8.70;26.80;0.00;1.40;;218.90
11/12/10;6.20;21.40;7.30;0.00;0.60;3.80;4.90;2.60;37.10;4.70;0.70;0.00;0.00;0.00;0.00;0.00;0.00;3.20;0.00;0.00;0.00;9.20;8.00;2.60;2.40;0.00;0.00;0.00;0.00;0.00;0.00;114.70
11/12/11;0.00;0.00;0.00;0.00;0.00;1.40;1.10;0.50;3.20;5.90;1.90;4.90;0.60;2.60;10.90;13.50;19.00;0.00;0.00;0.00;5.60;0.00;12.40;1.60;32.10;0.00;14.00;0.50;33.60;19.20;1.90;186.40
11/12/12;0.00;21.90;12.00;6.30;0.00;1.50;4.10;5.10;0.20;0.00;0.00;0.00;1.00;17.90;6.10;2.20;0.20;0.00;0.00;3.40;0.00;10.00;1.40;11.60;0.00;0.00;0.40;0.00;0.00;0.00;;105.30
12/13/01;1.20;0.00;0.00;0.00;0.00;0.00;0.00;0.00;36.10;0.00;0.00;33.00;96.50;4.00;16.90;2.50;2.40;22.80;21.10;14.20;54.10;29.50;87.30;19.70;0.00;46.90;5.40;46.10;39.00;8.90;126.20;713.80
12/13/02;47.20;0.00;0.00;0.00;2.90;0.00;19.00;26.00;5.30;36.40;0.00;0.00;0.00;0.00;15.70;0.00;0.00;0.00;0.00;0.00;0.00;7.40;36.00;28.20;10.20;21.60;43.80;0.00;0.00;0.00;;299.70
12/13/03;0.00;0.00;0.00;0.00;0.00;0.00;0.00;0.00;0.00;0.00;0.00;0.00;0.00;0.00;0.00;94.10;61.40;7.90;0.00;0.00;0.00;3.40;0.00;0.00;0.00;0.00;122.40;0.70;44.60;4.30;0.00;338.80
12/13/04;0.00;0.00;18.70;1.40;0.00;1.00;52.60;5.10;2.10;23.50;0.00;0.00;0.00;0.00;0.00;0.00;0.00;0.00;0.00;0.00;0.00;0.00;0.00;0.00;0.00;0.00;0.00;0.00;0.00;0.00;0.00;104.40
12/13/05;0.00;0.00;0.00;9.20;0.00;8.00;0.00;0.00;0.00;0.00;0.00;0.00;23.50;30.20;0.00;0.00;0.00;33.00;1.70;0.00;0.00;0.00;0.00;0.00;0.00;0.00;0.00;0.00;;;;105.60
12/13/06;0.00;0.00;2.20;2.40;2.30;37.80;8.40;0.00;8.70;0.00;0.00;0.00;0.00;9.10;103.00;3.90;0.00;0.00;0.00;0.00;0.00;0.00;22.90;25.50;19.60;30.20;2.30;8.60;61.60;0.00;0.00;348.50
12/13/07;0.00;0.00;0.00;0.00;0.00;0.00;0.00;4.20;11.20;0.30;0.00;0.30;26.10;0.00;0.00;0.00;0.00;0.00;0.00;0.00;0.00;11.80;19.60;2.80;9.00;38.10;1.10;0.00;6.20;8.40;;139.10
12/13/08;77.80;15.40;2.60;0.00;0.00;4.80;0.90;10.10;0.00;0.00;0.00;5.10;139.40;0.00;0.00;0.00;0.00;0.00;28.80;8.70;0.00;6.20;0.80;3.10;4.50;1.70;1.70;4.80;6.30;5.30;46.60;374.60
12/13/09;67.20;21.20;1.10;1.40;1.70;7.60;83.80;17.50;0.80;4.80;46.50;15.10;24.40;6.40;1.30;44.70;4.70;19.60;8.70;3.60;24.90;25.90;17.70;8.70;27.00;0.00;0.00;17.90;0.20;7.00;;511.40
12/13/10;4.10;31.30;0.30;25.70;3.40;1.40;15.10;4.00;8.40;8.10;0.00;0.00;0.00;0.00;6.50;0.80;10.30;4.80;0.00;2.80;2.30;18.20;13.10;25.10;0.20;15.40;0.00;0.00;0.00;0.00;0.00;201.30
12/13/11;36.90;9.00;0.00;14.80;1.60;0.00;0.30;1.30;0.00;0.00;0.90;0.60;0.60;0.00;0.00;0.00;0.00;0.60;0.00;0.00;0.60;0.00;0.00;0.00;0.00;0.00;1.40;0.00;57.70;34.40;0.00;160.70
12/13/12;0.00;0.00;0.00;3.10;8.00;59.60;4.70;18.60;6.80;14.50;22.30;159.50;13.90;5.90;5.80;28.30;22.70;2.50;0.50;2.50;0.00;0.00;0.00;0.00;0.00;0.00;0.00;0.00;0.00;4.50;;383.70
13/14/01;7.00;0.00;0.00;0.00;0.00;0.00;0.00;0.00;15.60;5.60;2.50;0.00;0.60;0.00;0.00;0.00;24.60;2.20;65.30;12.10;4.70;0.00;0.80;3.20;0.00;0.00;0.00;5.00;1.90;77.40;14.00;242.50
13/14/02;7.70;0.00;0.00;0.00;66.50;5.90;0.00;0.00;0.00;29.90;0.00;0.00;2.80;0.00;0.00;0.00;0.00;3.10;7.80;0.00;0.00;1.40;19.60;6.80;0.00;10.40;0.00;0.00;0.00;27.50;;189.40
13/14/03;0.00;0.00;0.60;0.00;0.00;0.00;0.00;0.00;0.00;0.00;0.00;0.00;0.00;0.60;22.10;0.00;0.00;0.00;0.00;0.00;0.00;0.00;0.00;0.00;0.00;0.00;0.00;0.00;0.00;0.00;0.00;23.30
13/14/04;0.00;0.00;0.00;0.00;0.00;10.40;0.00;0.00;0.00;0.00;0.00;9.80;0.00;0.00;1.40;6.40;0.00;0.00;0.00;0.00;0.00;3.00;2.00;0.00;0.00;0.00;0.00;0.00;0.00;0.00;0.00;33.00
13/14/05;0.00;0.00;0.00;0.00;0.00;0.00;0.00;0.00;0.00;0.00;0.00;0.00;0.00;0.00;0.00;0.00;0.00;0.00;0.00;0.00;0.00;0.00;70.00;0.00;0.00;0.00;94.20;6.70;;;;170.90
13/14/06;0.00;0.00;2.80;0.00;16.80;4.50;18.00;0.00;0.00;0.00;0.00;0.00;0.00;0.00;0.00;0.00;0.00;0.00;0.00;5.90;0.00;0.00;0.00;0.00;0.00;0.00;8.70;0.00;0.00;0.00;0.00;56.70
13/14/07;0.00;0.00;0.80;0.00;27.10;6.30;34.40;0.00;0.00;0.00;7.00;6.40;7.00;0.00;19.00;24.30;7.80;5.60;5.40;2.20;55.50;14.60;10.70;12.80;0.00;10.30;0.00;42.40;19.80;42.50;;361.90
13/14/08;16.00;70.70;1.10;0.00;37.90;21.60;2.50;30.70;31.40;4.70;0.00;0.60;0.00;4.20;0.00;0.00;0.00;0.00;0.00;0.00;1.10;0.00;0.00;0.00;0.00;0.00;2.80;5.60;39.50;0.80;0.00;271.20
13/14/09;0.00;83.70;76.60;11.40;5.30;6.50;0.00;16.80;0.00;3.00;32.30;41.10;0.00;0.00;0.00;0.00;0.00;18.80;31.80;6.10;0.60;0.00;0.30;0.00;0.00;0.60;2.00;1.10;28.10;26.40;;392.50
13/14/10;21.20;0.00;0.00;1.10;0.90;0.00;0.00;0.20;12.90;27.10;4.40;0.00;3.90;0.00;0.50;0.00;0.00;0.60;0.00;0.00;0.00;3.80;0.00;0.00;3.10;6.70;35.40;14.60;0.00;2.50;35.50;174.40
13/14/11;34.90;0.80;82.80;1.60;2.30;0.00;0.00;24.60;0.00;1.20;14.80;1.90;0.00;0.00;0.00;6.30;24.50;5.00;5.40;1.90;50.60;50.90;8.20;0.00;0.00;0.00;0.00;0.00;0.80;6.70;0.00;325.20
13/14/12;13.20;14.40;8.70;2.10;4.40;0.00;13.40;24.30;1.40;4.20;0.00;2.10;8.10;22.20;14.90;3.10;2.20;3.40;0.00;0.00;0.00;0.00;0.00;19.60;133.40;14.30;0.00;0.00;62.50;100.90;;472.80
14/15/01;6.80;0.60;30.10;6.10;0.80;6.40;93.60;22.70;8.70;2.50;0.00;0.60;0.00;0.00;12.80;11.00;21.70;11.30;1.90;18.90;32.10;1.70;0.00;19.70;21.60;18.10;34.10;3.90;12.70;111.30;0.00;511.70
14/15/02;10.30;13.60;20.70;19.10;2.50;0.00;0.00;0.00;0.00;3.40;23.50;0.00;3.10;6.40;0.00;49.30;6.50;0.00;1.40;0.80;8.60;0.20;0.60;0.50;2.30;6.50;58.80;16.80;7.30;3.70;;265.90
14/15/03;95.50;2.00;0.00;0.00;0.30;0.80;0.00;0.00;43.20;32.30;15.80;78.10;0.00;0.00;0.00;0.00;4.60;4.20;16.40;7.00;7.00;10.70;17.30;82.90;147.70;0.00;11.90;21.50;3.70;0.00;0.80;603.70
14/15/04;0.00;0.00;0.00;0.00;0.00;0.00;0.00;0.00;0.00;0.00;0.00;0.00;0.00;0.00;0.00;0.00;0.00;0.00;0.00;0.00;0.00;0.00;0.00;0.00;0.00;0.00;0.00;3.60;0.00;2.50;0.00;6.10
14/15/05;0.00;0.00;13.50;0.00;0.30;0.00;0.00;0.00;1.70;7.70;0.00;7.00;0.00;0.00;0.00;0.00;0.00;0.00;0.00;0.00;0.00;0.00;12.00;18.50;0.00;2.00;2.30;0.00;;;;65.00
14/15/06;13.40;2.60;0.00;38.70;0.00;0.00;0.00;0.00;0.00;0.00;0.00;0.00;28.60;0.00;69.70;18.10;0.00;0.00;0.00;0.00;0.00;0.00;0.00;0.00;0.00;4.20;0.00;12.80;19.40;13.10;23.10;243.70
14/15/07;11.70;50.40;0.00;0.00;0.00;7.00;7.30;0.00;2.50;31.00;0.00;9.80;50.50;25.70;9.50;2.90;0.00;0.00;25.70;45.20;6.10;0.00;1.20;14.50;17.80;12.60;22.90;0.00;13.80;13.70;;381.80
14/15/08;0.00;16.80;6.40;0.00;0.00;0.00;39.20;2.60;5.30;17.10;0.20;0.00;0.30;3.90;0.80;7.30;19.10;26.00;17.40;1.90;9.50;1.70;0.50;0.00;0.00;0.00;0.00;0.00;0.00;0.60;32.60;209.20
14/15/09;8.70;0.00;16.00;13.70;19.80;0.00;0.00;5.00;2.00;0.00;7.20;0.00;2.80;0.00;33.20;7.50;8.90;7.50;5.00;0.00;0.00;3.90;0.00;0.60;0.00;14.00;28.30;6.60;14.50;16.50;;221.70
14/15/10;8.10;0.00;0.60;5.60;4.20;0.00;0.30;0.00;6.70;9.00;0.00;0.00;0.00;0.00;0.00;10.90;3.60;0.00;0.00;4.80;2.20;0.30;10.70;0.00;0.00;13.70;0.00;0.00;0.00;0.00;0.00;80.70
14/15/11;0.00;3.40;12.70;43.10;0.30;0.00;0.00;0.00;0.00;1.10;10.30;0.00;0.00;0.00;4.70;5.30;34.60;0.00;0.60;4.20;0.90;0.00;3.10;16.20;0.60;10.60;24.50;23.80;0.00;6.70;0.00;206.70
14/15/12;0.00;0.00;29.70;0.80;17.70;1.10;8.20;0.30;0.00;54.30;14.60;9.20;0.80;6.20;46.70;15.00;3.30;10.80;2.60;15.00;0.00;0.00;12.10;6.10;3.70;1.20;1.70;6.50;5.60;15.80;;289.00
15/16/01;0.0;21.4;0.0;11.4;31.7;12.0;0.0;0.8;7.1;0.0;0.0;6.4;21.8;47.3;29.8;4.1;6.9;20.1;22.4;15.1;29.9;0.0;43.5;13.2;5.0;7.0;20.8;0.0;14.6;23.3;14.3;429.90
15/16/02;5.0;110.8;0.0;0.0;19.5;10.7;24.1;10.1;0.3;0.0;24.1;35.7;59.8;12.1;13.5;15.2;0.0;0.0;24.0;28.8;0.0;1.6;6.7;3.0;0.0;0.0;0.0;0.0;22.8;53.1;;480.90
15/16/03;41.3;34.8;0.0;16.3;5.6;21.0;3.1;51.6;1.9;0.0;0.3;65.5;7.0;47.0;0.0;0.0;12.3;41.5;0.0;0.0;0.0;0.0;0.0;0.0;0.0;0.0;7.3;0.0;14.1;0.0;0.0;370.60
15/16/04;0.0;0.0;0.0;0.0;18.5;0.0;0.0;0.0;0.0;0.0;0.0;0.0;0.0;0.0;0.0;0.0;0.0;0.0;0.0;0.0;0.0;0.0;0.0;0.0;0.0;0.0;0.0;0.0;0.0;0.0;0.0;18.50
15/16/05;0.0;0.0;0.0;0.0;0.0;0.0;0.0;0.0;1.4;0.0;0.0;0.0;0.0;0.0;10.9;0.0;0.0;0.6;0.0;8.7;0.0;0.0;0.0;0.0;7.6;0.0;0.0;0.2;0.0;;;29.40
15/16/06;4.2;0.0;0.0;0.0;0.0;0.0;0.3;43.6;22.7;0.0;48.2;0.0;0.0;0.0;0.0;0.3;0.0;0.0;0.0;0.0;0.0;0.0;0.0;0.0;0.0;0.0;1.9;3.4;3.1;10.1;0.0;137.80
15/16/07;1.7;0.0;0.0;0.0;0.2;3.9;1.4;0.0;1.7;2.2;19.3;0.0;0.0;0.0;13.8;64.4;0.0;4.8;100.8;2.5;0.0;0.0;0.0;0.0;0.0;0.3;0.0;8.4;0.0;43.3;;268.70
15/16/08;19.9;9.0;24.3;66.0;45.3;2.5;30.8;59.1;6.6;17.9;22.5;2.0;37.8;16.6;201.6;88.7;101.3;10.3;40.3;11.2;4.6;4.8;7.0;10.0;10.0;11.0;36.4;0.8;11.8;8.5;21.9;940.50
15/16/09;0.6;2.2;0.8;8.9;14.6;0.3;18.7;21.6;11.0;4.5;12.6;13.2;1.7;0.3;0.0;0.0;10.4;13.1;0.8;18.5;0.0;0.0;0.0;0.0;0.0;0.0;0.0;0.3;0.0;0.0;;154.10
15/16/10;0.0;0.0;0.0;0.0;0.0;0.0;0.9;6.1;29.8;8.1;0.0;0.0;0.0;0.0;8.1;1.8;0.0;0.0;0.0;0.0;0.0;0.0;0.8;5.1;1.8;2.0;6.7;1.4;4.6;0.6;0.0;77.80
15/16/11;0.0;0.0;0.0;0.0;0.0;0.0;0.0;0.3;0.0;0.0;0.0;0.0;5.9;2.2;0.3;0.0;2.2;3.4;0.0;0.0;0.3;1.5;2.5;1.7;0.0;0.0;0.0;0.9;0.0;0.0;2.8;24.00
15/16/12;0.0;11.8;0.0;0.0;0.0;0.0;0.0;0.0;0.0;0.0;0.0;0.0;0.0;0.2;0.0;0.3;0.0;0.6;0.0;0.0;0.0;0.0;0.3;0.6;0.0;0.0;0.9;0.2;19.7;0.3;;34.90
16/17/1;0.0;0.0;0.0;0.0;0.0;0.0;0.0;0.3;0.0;0.0;0.0;0.0;0.0;16.2;0.2;21.8;0.0;0.0;0.0;0.0;7.1;38.1;33.1;24.1;0.0;0.0;0.0;0.0;0.0;0.0;32.4;173.30
16/17/2;6.6;3.4;0.6;34.3;0.0;0.8;0.0;22.1;27.7;0.0;0.0;2.8;14.5;7.0;0.0;2.5;10.7;17.7;0.0;0.0;4.7;6.5;2.0;0.0;0.0;0.0;0.0;0.0;0.0;0.0;;163.90
16/17/3;0.0;0.0;0.0;0.0;0.0;0.0;1.4;3.6;0.0;3.6;0.0;0.0;0.0;0.0;0.0;0.0;0.0;0.0;0.6;11.5;5.3;0.0;0.0;0.0;0.0;0.8;12.9;5.6;0.0;0.0;0.0;45.30
16/17/4;0.0;0.0;0.0;0.0;0.0;0.0;0.0;0.0;0.0;0.0;0.0;0.0;0.0;0.0;0.0;0.0;0.0;0.0;1.4;10.6;0.2;1.1;10.1;4.2;0.0;21.6;2.8;3.5;16.1;0.0;0.0;71.60
16/17/5;0.0;0.0;0.0;0.0;0.0;0.0;0.0;0.0;0.0;0.0;0.0;0.0;0.0;2.5;0.0;0.0;0.0;0.3;0.0;0.0;0.0;0.0;0.0;0.0;0.3;2.1;3.2;0.8;0.0;;;9.20
16/17/6;3.4;0.6;16.3;5.7;0.0;0.0;5.3;3.1;8.7;59.1;46.0;4.5;54.4;39.4;13.8;19.6;0.0;0.0;0.0;0.0;0.0;0.0;0.0;0.0;0.0;0.0;0.0;29.9;6.6;1.1;0.0;317.50
16/17/7;0.8;8.4;0.7;27.3;0.0;9.8;0.0;0.0;4.2;0.0;60.8;0.0;4.2;0.0;0.0;0.0;0.0;0.0;0.0;0.0;0.0;0.0;0.0;0.0;0.0;0.0;0.0;0.0;5.6;0.0;;121.80
16/17/8;0.0;0.0;0.0;1.4;4.8;12.0;3.8;1.3;0.0;0.0;0.0;0.0;0.0;15.8;0.0;0.0;0.0;12.6;1.7;0.6;0.0;4.6;5.6;65.7;77.8;7.2;2.8;19.3;48.9;18.5;8.0;312.40
16/17/9;17.8;11.3;5.9;0.0;28.0;18.5;0.0;0.0;0.0;0.9;4.8;0.0;0.0;0.0;6.8;0.0;0.8;1.4;5.6;0.0;0.0;6.0;15.7;17.3;7.3;13.0;19.4;0.6;0.0;14.0;;195.10
16/17/10;0.6;0.0;0.0;0.0;0.3;3.7;0.8;0.0;52.8;0.8;2.8;0.0;0.0;0.0;0.0;0.0;0.0;0.0;11.2;3.1;0.0;0.0;0.0;0.0;0.0;0.0;0.0;1.4;0.0;0.0;22.6;100.10
16/17/11;1.8;5.9;8.7;6.4;4.0;2.3;12.0;0.3;0.0;4.5;0.2;0.9;0.0;0.0;0.0;0.0;24.5;22.4;1.9;0.0;3.0;6.2;0.0;0.0;0.0;0.0;15.3;13.4;2.3;0.0;3.3;139.30
16/17/12;39.0;14.9;1.7;1.5;8.9;73.2;23.1;23.3;5.4;1.1;0.0;52.4;86.7;0.6;0.0;1.7;15.1;0.0;0.0;3.4;3.7;0.0;0.0;2.0;20.7;37.5;17.6;0.0;0.0;4.7;;438.20
17/18/1;7.0;0.8;8.4;8.7;63.6;12.9;4.0;0.9;0.9;1.7;10.0;16.8;30.3;48.3;6.9;0.0;2.0;1.7;42.8;0.3;5.6;2.5;0.0;0.0;3.6;4.9;0.0;67.7;24.7;21.6;31.6;430.20
17/18/2;0.0;3.4;0.0;11.7;0.0;22.8;5.9;11.5;0.0;4.7;0.3;7.3;0.0;0.0;0.0;0.0;0.0;57.4;17.0;19.8;7.9;4.2;0.0;0.0;9.5;11.0;2.9;8.4;14.1;10.6;;230.40
17/18/3;11.0;18.9;0.0;22.9;0.0;3.9;0.0;0.0;0.0;0.0;0.0;3.3;3.1;5.9;21.2;0.0;0.0;0.0;12.5;9.0;0.0;0.0;0.0;0.0;0.0;0.0;0.0;0.0;0.0;0.0;0.0;111.70
17/18/4;0.0;0.0;0.0;0.0;0.0;0.0;0.0;0.0;0.0;3.9;0.3;26.6;0.0;0.0;0.0;0.0;0.0;0.0;0.0;0.0;0.0;0.0;0.0;0.0;0.0;0.0;0.0;0.0;6.7;4.4;0.0;41.90
17/18/5;0.0;0.0;0.0;0.0;1.1;1.7;11.4;3.1;0.0;0.0;0.0;0.0;0.0;0.0;0.0;0.0;0.0;0.0;0.0;0.0;0.0;0.0;0.0;0.0;0.0;0.0;0.0;15.4;;;;32.70
17/18/6;43.7;0.3;44.0;0.0;12.0;0.6;0.0;0.0;0.0;6.5;0.9;2.3;0.3;0.0;0.3;5.4;0.0;0.0;5.6;0.0;0.0;0.0;0.0;0.0;0.0;2.0;0.2;26.4;0.0;0.0;0.0;150.50
17/18/7;2.2;15.4;0.0;0.0;0.0;0.0;27.5;7.2;61.2;0.3;2.8;35.6;10.4;14.8;0.6;5.3;0.6;15.7;0.0;5.4;0.0;7.0;2.0;3.1;43.6;29.5;7.8;11.0;4.5;0.0;;313.50
17/18/8;0.0;0.0;0.0;7.0;53.9;0.0;5.9;28.0;8.1;4.8;1.2;13.5;0.0;19.6;3.6;40.9;0.0;2.6;18.8;151.4;68.6;30.9;14.7;107.5;26.9;43.2;10.4;20.9;0.6;0.6;2.3;685.90
17/18/9;15.6;44.8;39.0;4.1;2.6;15.5;34.1;12.9;12.0;0.6;0.9;0.3;5.0;2.6;19.4;23.7;3.7;11.3;0.8;0.0;20.5;13.4;27.8;5.9;2.0;0.3;0.3;0.0;0.0;0.8;;319.90
17/18/10;2.2;0.3;0.0;0.0;0.8;0.6;0.0;6.8;19.5;7.1;14.3;0.0;0.3;4.5;5.8;2.5;0.0;0.0;0.0;0.0;0.0;0.0;0.0;1.1;0.3;1.2;0.0;0.0;1.4;21.4;11.2;101.30
17/18/11;0.0;0.0;0.0;0.0;0.3;1.4;4.3;10.3;14.7;4.3;0.0;0.0;7.3;22.5;33.3;3.8;0.9;0.0;0.0;0.0;0.0;0.0;0.0;0.0;0.0;0.0;0.0;0.0;0.0;0.0;0.0;103.10
