;;;;;;;;;;;;N.A. - DENOTED DATA NOT AVAILABLE;;;;;;;;;;;;;;;;;;;;;;
;;;Daily RF in mm for Kitulgala;;;;;;;;;;;;;;;;;;;;;;;;;;;;;;;
Year/Month;D1;D2;D3;D4;D5;D6;D7;D8;D9;D10;D11;D12;D13;D14;D15;D16;D17;D18;D19;D20;D21;D22;D23;D24;D25;D26;D27;D28;D29;D30;D31;COMP.TOT;;
89/90/01;3.81;0.00;1.78;41.66;35.56;22.86;0.00;8.13;0.00;0.00;55.12;4.83;12.45;8.13;15.24;5.84;1.02;39.88;42.42;20.57;23.11;47.24;9.14;0.00;0.00;90.93;26.16;52.58;51.05;41.15;28.45;689.11;;
89/90/02;11.18;21.59;19.05;0.00;18.29;0.00;0.00;0.00;0.00;0.00;0.00;0.00;8.64;3.05;21.34;8.64;5.08;24.89;76.71;3.05;0.00;0.00;0.00;0.00;0.00;0.00;0.00;0.00;35.31;8.13;;264.95;;
89/90/03;35.56;37.08;0.00;1.27;0.00;0.00;0.00;0.00;0.00;0.00;0.00;0.00;0.00;0.00;0.00;0.00;0.00;0.00;0.00;0.00;0.00;0.00;0.00;0.00;0.00;0.00;0.00;15.75;0.76;0.00;0.00;90.42;;
89/90/04;N.A.;N.A.;N.A.;N.A.;N.A.;N.A.;N.A.;N.A.;N.A.;N.A.;N.A.;N.A.;N.A.;N.A.;N.A.;N.A.;N.A.;N.A.;N.A.;N.A.;N.A.;N.A.;N.A.;N.A.;N.A.;N.A.;N.A.;N.A.;N.A.;N.A.;N.A.;N.A.;;
89/90/05;0.00;0.00;0.00;0.00;0.00;2.54;0.00;0.00;0.00;5.08;0.00;0.00;0.00;4.31;0.00;0.00;0.00;0.00;0.00;8.13;0.00;0.00;0.00;17.53;4.32;0.76;0.00;0.00;;;;42.67;;
89/90/06;0.00;0.00;0.00;0.00;0.00;0.00;10.16;42.93;0.00;16.76;0.00;0.00;37.08;0.00;6.86;0.00;0.00;0.00;5.59;0.00;32.26;45.72;14.48;41.91;0.00;81.79;2.54;5.59;0.00;16.00;6.86;366.53;;
89/90/07;0.00;11.43;18.03;3.81;4.57;0.00;0.00;6.35;5.08;2.03;0.00;0.00;0.00;9.14;5.59;81.03;0.00;0.00;0.00;0.00;0.00;0.00;13.21;0.00;0.00;0.51;0.00;12.19;5.84;22.86;;201.67;;
89/90/08;19.05;36.83;0.00;1.52;30.73;138.94;47.75;39.12;50.29;3.05;0.00;0.00;0.00;3.56;20.32;24.89;197.61;14.73;40.64;0.00;2.29;0.00;52.58;6.60;13.97;5.59;5.33;0.25;5.33;17.78;2.79;781.54;;
89/90/09;24.89;9.65;59.94;12.45;27.43;32.51;22.35;19.05;13.97;1.27;26.92;13.72;24.89;0.00;5.84;1.78;14.99;0.00;4.57;24.89;14.89;0.00;0.00;0.00;6.10;3.05;10.41;5.33;8.89;21.59;;411.37;;
89/90/10;12.95;59.69;53.59;16.26;88.39;5.08;0.00;0.00;17.53;23.88;0.51;0.00;8.64;16.76;23.11;3.05;31.75;5.84;22.10;6.60;0.76;3.81;3.05;12.19;0.00;0.76;19.56;6.60;0.00;1.78;9.40;453.64;;
89/90/11;17.02;5.33;0.00;0.00;16.00;27.18;1.52;4.06;8.38;16.51;4.06;4.32;1.52;1.78;1.78;0.25;0.00;0.00;0.00;4.32;0.00;0.00;0.00;1.52;9.91;0.00;0.00;3.05;0.00;0.00;0.00;128.51;;
89/90/12;0.00;0.00;0.00;0.00;0.00;0.00;24.89;0.00;0.00;0.00;0.00;0.00;0.00;0.00;0.00;0.00;0.00;0.00;0.00;12.70;7.87;0.51;5.33;20.57;8.89;0.00;0.00;0.00;0.00;0.00;;80.76;;
90/91/01;4.06;29.46;1.27;0.00;3.81;0.00;0.00;0.00;0.00;37.59;0.00;11.18;28.45;34.80;51.31;6.35;0.51;1.02;24.38;30.99;3.56;30.73;0.00;8.13;1.02;54.36;8.64;2.03;55.63;33.78;54.36;517.42;;
90/91/02;90.68;66.29;47.24;1.78;0.00;4.73;1.78;29.21;0.00;0.00;0.00;0.00;0.00;0.00;0.00;7.87;0.00;5.08;0.00;2.03;24.64;77.72;3.05;5.59;34.80;20.83;5.33;0.00;1.78;0.00;;430.43;;
90/91/03;0.00;0.00;0.00;43.18;0.00;0.00;0.00;0.00;0.00;0.00;4.32;0.00;1.02;0.51;0.00;0.00;0.00;0.00;0.00;0.00;43.18;0.00;37.85;21.34;35.05;2.79;0.00;2.54;0.00;22.35;0.00;214.13;;
90/91/04;35.81;5.33;14.22;0.00;8.89;5.59;0.00;0.00;0.00;18.54;0.00;0.00;0.00;0.00;6.60;21.59;6.60;0.00;14.22;0.00;0.00;0.00;0.00;0.00;0.00;0.00;0.00;0.00;0.00;0.00;0.00;137.39;;
90/91/05;80.26;0.00;13.72;0.00;0.00;0.00;0.00;0.00;0.00;0.00;0.00;0.00;0.00;0.00;0.00;0.00;0.00;0.00;0.00;0.00;1.78;0.00;45.47;0.00;1.02;0.76;2.79;1.02;;;;146.82;;
90/91/06;11.93;47.75;36.83;0.00;51.30;16.00;4.57;0.00;0.00;0.00;0.00;0.00;0.00;0.00;0.00;0.00;0.00;0.00;0.00;0.00;0.00;0.00;1.01;20.32;0.00;0.00;37.84;0.00;20.82;4.82;17.78;270.97;;
90/91/07;12.19;5.33;33.78;0.00;77.47;0.00;30.48;24.89;9.65;0.00;0.00;19.05;19.30;16.00;0.00;0.00;0.00;0.00;0.00;0.00;10.92;14.47;4.31;0.00;0.00;2.28;0.00;0.00;0.00;0.00;0.00;280.12;;
90/91/08;0.00;0.00;57.15;21.84;4.82;0.00;0.00;0.00;0.00;6.09;1.27;2.79;6.35;15.49;26.67;2.28;16.25;0.00;24.13;17.01;19.85;0.00;0.00;34.79;11.93;6.35;1.52;50.03;0.00;49.78;0.00;376.39;;
90/91/09;67.06;47.75;41.40;42.67;10.16;0.00;0.00;19.05;21.08;11.94;39.36;108.20;33.02;5.59;34.80;27.43;6.60;8.13;11.94;61.47;86.36;23.88;8.13;2.79;44.20;11.68;1.27;2.29;5.59;20.32;;804.16;;
90/91/10;0.00;0.00;0.00;15.70;0.00;0.00;0.00;59.40;16.00;4.30;31.50;0.00;23.60;14.70;0.00;0.00;0.00;0.00;11.40;4.60;7.90;5.80;0.00;4.60;31.80;31.20;4.80;55.60;0.80;21.80;100.10;445.60;;
90/91/11;0.00;0.00;6.90;1.00;1.00;2.00;9.10;1.30;2.00;2.00;46.70;17.30;35.10;20.10;6.40;15.70;23.40;13.20;5.30;0.00;4.60;4.80;0.00;9.70;0.00;3.30;0.00;4.80;51.60;1.00;1.00;289.30;;
90/91/12;0.00;0.00;0.00;0.00;0.00;0.00;0.00;0.00;0.00;39.00;55.00;0.00;0.00;0.00;0.00;31.00;27.00;20.00;3.00;0.00;0.00;0.00;0.00;0.00;0.00;0.00;0.00;23.00;38.00;41.00;;277.00;;
91/92/01;2.30;30.50;8.10;5.30;1.00;0.00;0.00;0.00;0.00;0.00;0.00;7.60;41.20;6.10;0.80;36.60;4.60;1.80;10.70;10.40;76.70;7.40;21.10;65.30;3.80;45.00;43.90;22.10;65.50;11.40;7.60;536.80;;
91/92/02;0.00;2.00;2.30;14.70;10.90;5.60;54.90;34.80;0.00;3.60;50.30;19.80;27.90;5.60;22.10;0.00;8.60;1.30;0.00;2.30;48.80;4.30;8.60;5.10;0.00;0.00;8.10;0.00;0.00;0.00;;341.60;;
91/92/03;0.00;0.00;0.00;0.00;0.00;0.00;0.00;0.00;0.00;0.00;0.00;3.80;0.00;17.80;0.00;9.70;9.90;4.60;2.00;0.00;0.00;8.60;7.40;2.30;3.30;0.00;0.00;0.00;0.00;0.00;11.20;80.60;;
91/92/04;2.30;0.00;0.00;0.00;0.00;0.00;0.00;31.00;0.50;0.00;0.00;0.00;0.00;0.00;0.00;0.00;25.10;11.40;0.00;0.00;0.00;0.00;0.00;0.00;0.00;0.00;0.00;0.00;0.00;0.00;0.00;70.30;;
91/92/05;0.00;0.00;0.00;0.00;0.00;0.00;0.00;0.00;0.00;0.00;0.00;0.00;0.00;0.00;0.00;0.00;0.00;0.00;0.00;4.10;0.00;0.00;0.00;0.00;0.00;0.00;0.00;0.00;0.00;;;4.10;;
91/92/06;0.00;0.00;0.00;0.00;0.00;0.00;0.00;0.00;0.00;0.00;0.00;0.00;0.00;0.00;0.00;0.00;36.80;0.00;0.00;0.00;0.00;0.00;0.00;0.00;0.00;0.00;0.00;0.00;0.00;0.00;0.00;36.80;;
91/92/07;5.60;0.00;5.10;22.90;0.00;0.00;0.00;0.00;0.00;0.00;0.00;0.00;36.80;0.00;4.80;5.30;3.30;8.10;0.00;97.80;26.70;34.00;17.80;34.80;1.00;17.50;12.20;0.00;9.70;36.80;;380.20;;
91/92/08;54.90;26.70;0.00;0.00;33.50;3.60;0.00;16.00;0.00;1.50;0.00;0.00;35.60;11.40;8.60;33.50;28.20;69.60;23.60;11.20;1.50;0.00;0.00;0.00;0.00;0.00;0.00;0.00;3.60;76.20;16.00;455.20;;
91/92/09;5.30;239.50;7.90;68.10;26.90;31.50;24.60;35.10;40.60;0.00;2.50;21.30;7.60;12.70;13.20;0.00;0.00;37.60;1.80;3.80;8.60;46.20;3.00;0.00;0.00;0.00;0.00;0.00;0.00;27.20;;665.00;;
91/92/10;10.40;17.30;8.40;9.90;1.00;28.40;54.60;7.10;4.30;2.00;63.50;0.00;2.00;19.30;148.60;44.50;3.30;5.10;1.30;1.00;0.00;0.00;5.80;16.30;22.90;43.20;6.40;23.10;37.10;22.90;48.30;658.00;;
91/92/11;9.10;16.00;90.40;19.60;1.30;11.40;15.50;29.20;0.00;3.00;24.90;21.60;1.00;1.50;0.00;0.00;3.80;0.00;6.40;8.10;0.00;1.80;6.40;7.60;3.30;15.00;15.20;51.60;94.50;32.50;40.10;530.80;;
91/92/12;23.60;8.10;5.60;11.20;7.60;31.80;33.60;29.70;24.90;33.30;6.90;4.80;2.00;2.30;8.90;0.00;0.00;0.00;21.60;0.00;19.10;46.00;9.70;24.90;6.60;12.70;44.50;33.00;19.10;8.40;;479.90;;
92/93/01;35.10;11.90;19.60;22.40;28.20;38.90;53.30;56.90;108.50;60.50;66.00;33.00;63.50;0.50;1.50;2.80;0.00;0.00;0.00;0.00;0.00;0.00;0.00;0.00;0.00;0.00;0.00;0.00;0.00;35.80;6.10;644.50;;
92/93/02;58.20;27.20;22.90;5.80;2.50;38.60;35.30;0.80;34.80;58.40;11.40;62.50;73.70;2.50;23.40;0.00;0.00;0.00;0.00;1.80;1.00;58.90;19.80;9.90;7.10;0.00;0.00;0.00;4.10;9.70;;570.30;;
92/93/03;0.00;12.70;8.60;3.00;3.00;0.00;0.00;0.00;0.00;0.00;0.00;0.00;4.60;1.80;0.00;0.00;3.00;0.00;5.80;0.00;0.00;4.30;0.00;0.00;0.00;0.00;0.00;6.40;1.30;0.00;0.00;54.50;;
92/93/04;0.00;0.00;0.00;0.00;0.00;0.00;0.00;0.00;0.00;0.00;0.00;0.00;0.00;0.00;0.00;0.00;0.00;0.00;0.00;0.00;0.00;0.00;0.00;5.10;0.00;11.40;0.00;0.00;0.00;0.00;0.00;16.50;;
92/93/05;0.00;0.00;0.00;0.00;0.00;0.00;0.00;0.00;0.00;0.00;0.00;0.00;0.00;37.60;9.70;0.00;0.00;0.00;0.00;18.80;0.00;13.20;13.20;0.00;0.00;0.00;6.40;6.90;;;;105.80;;
92/93/06;0.00;0.00;0.00;1.00;0.00;0.00;0.00;0.00;0.00;5.30;3.00;33.00;11.90;0.00;0.00;0.00;0.00;0.00;0.00;0.00;11.20;10.70;43.70;21.80;12.20;0.00;53.80;0.00;0.00;0.00;0.00;207.60;;
92/93/07;0.00;0.00;7.60;1.30;5.60;36.80;0.00;0.00;0.00;4.60;0.00;20.30;0.00;13.20;58.40;0.00;0.00;0.00;0.00;0.00;2.00;0.00;0.80;7.60;25.90;9.70;0.00;16.00;16.30;0.00;;226.10;;
92/93/08;12.40;0.00;38.60;9.10;0.00;31.80;26.90;0.00;0.00;0.00;0.00;78.70;18.30;2.50;0.00;1.30;2.00;6.60;30.00;32.80;13.20;0.00;37.60;19.10;21.60;63.50;61.00;62.70;78.20;93.00;230.40;971.30;;
92/93/09;0.00;10.90;74.90;116.80;151.40;80.50;24.40;2.50;1.30;0.00;0.00;0.00;21.60;2.00;10.20;4.10;0.00;0.00;0.00;8.90;1.30;9.40;1.00;71.60;17.80;27.40;194.80;17.00;102.90;0.00;;952.70;;
92/93/10;20.30;61.00;20.30;2.50;0.00;1.50;9.40;0.50;1.50;1.30;8.40;0.00;5.60;8.60;19.30;18.50;1.30;24.90;17.80;50.80;5.30;25.40;33.00;25.40;11.70;7.10;7.40;0.50;0.80;6.90;18.30;415.30;;
92/93/11;16.00;10.70;13.20;6.60;14.70;13.70;0.00;1.50;0.00;0.00;0.00;0.00;1.50;3.00;5.60;3.00;0.00;7.10;11.70;2.00;2.30;22.10;0.00;2.00;16.50;21.30;26.70;61.00;16.50;11.70;34.30;324.70;;
92/93/12;2.50;0.00;2.00;1.80;0.00;2.00;12.70;0.00;0.00;0.00;0.00;0.00;5.30;1.80;0.00;4.30;66.30;0.00;56.90;43.70;28.40;24.40;12.20;2.80;0.00;6.10;17.00;47.80;9.70;0.00;;347.70;;
93/94/01;2.00;32.50;29.50;6.10;19.10;0.00;185.40;39.40;17.30;17.80;14.70;36.80;6.60;0.00;0.00;40.60;41.70;36.80;0.00;0.00;65.00;9.10;1.00;6.90;5.10;13.20;69.60;19.60;36.30;0.00;4.60;756.70;;
93/94/02;19.10;14.00;62.20;11.70;10.40;0.00;45.70;27.40;4.30;1.80;0.00;0.00;0.00;0.00;3.00;20.60;5.80;0.80;37.30;51.30;49.50;2.30;0.00;109.70;0.00;19.60;34.80;2.00;0.00;30.50;;563.80;;
93/94/03;16.80;1.50;0.00;5.10;1.30;72.10;1.30;0.80;0.00;30.70;63.50;0.00;2.00;4.60;0.00;2.50;6.40;3.80;0.00;11.90;2.50;1.50;0.00;0.00;14.20;3.80;0.00;17.30;44.50;9.40;0.00;317.50;;
93/94/04;0.00;0.00;0.00;0.00;0.00;3.00;6.60;5.30;0.00;0.00;0.00;0.00;25.90;37.30;0.00;2.50;2.30;0.00;0.00;0.00;6.60;10.20;3.30;0.00;0.00;0.00;0.00;0.00;0.00;1.30;0.00;104.30;;
93/94/05;0.00;0.00;4.10;18.50;1.80;21.80;20.80;6.40;40.60;45.70;9.70;0.00;0.00;0.00;0.00;0.00;1.00;0.00;1.30;8.40;9.40;0.00;0.00;0.00;0.00;0.00;0.00;0.00;;;;189.50;;
93/94/06;0.00;0.00;0.00;0.00;0.00;0.00;2.50;0.00;0.00;0.00;0.00;0.00;0.00;0.00;17.00;29.00;1.30;0.00;4.30;0.00;0.00;0.00;0.00;0.00;0.00;0.00;0.00;11.90;12.70;22.10;5.10;105.90;;
93/94/07;10.10;10.10;6.90;23.60;1.50;2.30;1.80;3.60;8.10;2.80;2.00;0.00;0.00;24.10;0.00;5.10;6.10;26.70;59.70;0.00;0.00;0.00;0.00;0.00;0.00;0.00;2.30;27.94;0.00;0.00;;224.74;;
93/94/08;7.60;5.10;1.30;7.90;45.50;0.80;1.30;8.10;9.70;0.00;0.00;0.00;0.00;0.00;20.60;13.20;0.80;1.50;2.00;0.50;6.60;5.80;20.30;38.60;29.70;85.60;57.90;60.50;25.70;58.40;44.20;559.20;;
93/94/09;20.80;10.20;12.20;8.90;33.50;25.10;0.00;2.00;37.30;0.00;2.00;0.00;0.00;8.90;11.40;14.70;67.60;1.50;29.70;0.00;0.00;0.00;0.00;3.60;6.90;8.10;1.00;2.50;24.10;15.00;;347.00;;
93/94/10;0.00;10.20;5.80;21.10;45.50;40.90;6.60;1.50;2.50;4.10;0.00;0.00;0.00;32.80;0.00;62.50;6.90;62.50;12.20;14.70;4.60;2.00;43.90;4.10;10.40;17.80;48.30;30.00;4.10;26.90;26.40;548.30;;
93/94/11;58.70;2.80;3.80;0.80;1.30;5.60;0.00;1.00;0.00;0.00;0.00;0.00;0.00;0.00;0.00;0.00;1.50;45.70;6.40;28.50;40.00;7.10;0.00;26.70;62.20;0.00;13.20;5.10;8.40;8.60;12.70;340.10;;
93/94/12;16.50;15.70;9.70;1.30;23.10;24.10;1.80;1.00;16.50;16.80;38.60;3.80;6.60;86.60;40.60;39.10;3.80;0.00;0.00;0.00;0.00;0.00;0.00;30.50;0.00;0.00;49.30;54.60;0.80;15.20;;496.00;;
94/95/01;8.10;40.60;25.90;29.20;8.60;12.20;27.90;31.00;8.60;10.90;0.00;6.10;15.20;8.90;33.00;38.40;33.00;17.00;18.50;1.30;3.80;67.80;100.60;59.90;69.60;67.60;1.80;27.40;4.30;0.00;53.30;830.50;;
94/95/02;NA;NA;NA;NA;NA;NA;NA;NA;NA;NA;NA;NA;NA;NA;NA;NA;NA;NA;NA;NA;NA;NA;NA;NA;NA;NA;NA;NA;NA;NA;;NA;;
94/95/03;27.70;0.00;0.00;0.00;0.00;0.00;0.00;10.70;0.00;0.00;0.00;0.00;0.00;1.50;0.00;0.00;3.00;0.00;6.40;0.00;0.00;3.00;0.00;0.00;0.00;6.40;0.00;0.00;0.00;2.50;0.00;61.20;;
94/95/04;0.00;0.00;0.00;1.00;0.00;0.00;0.00;0.00;0.00;0.00;0.00;0.00;0.00;0.00;0.00;0.00;77.20;0.00;0.00;0.00;22.40;1.30;0.00;0.00;0.00;0.00;0.00;0.00;3.60;1.30;0.00;106.80;;
94/95/05;0.00;0.00;0.00;1.27;0.00;0.00;22.40;0.00;0.00;0.00;0.00;0.00;0.00;8.10;0.00;7.80;39.40;8.60;0.00;0.00;0.00;0.00;0.00;0.00;0.00;0.00;0.00;0.00;;;;87.57;;
94/95/06;0.00;0.00;0.00;0.00;0.00;0.00;0.00;0.50;23.90;14.00;1.50;0.00;11.40;0.00;0.00;0.00;0.00;0.00;0.00;0.00;2.50;0.00;0.00;0.50;0.00;0.00;0.00;58.40;20.80;11.90;0.00;145.40;;
94/95/07;0.00;0.00;8.60;42.70;29.50;18.00;69.90;43.90;3.00;13.70;39.90;98.80;34.50;1.30;36.80;0.00;6.10;50.30;11.40;0.00;11.20;5.60;9.40;73.20;1.80;0.80;3.30;1.00;8.60;39.60;;662.90;;
94/95/08;104.10;14.50;0.00;26.40;27.90;57.40;35.80;40.10;11.40;94.00;17.50;3.60;10.70;60.00;77.70;8.10;2.30;1.50;23.10;21.60;1.50;9.90;12.20;62.70;6.90;7.90;11.90;10.20;2.00;40.60;0.50;804.00;;
94/95/09;1.80;69.60;57.90;21.60;9.90;18.80;35.80;21.10;35.10;9.10;26.90;14.70;23.40;67.60;54.60;81.30;10.40;5.80;6.60;27.70;14.50;0.80;10.00;42.60;27.00;46.30;26.80;0.40;74.80;43.20;;886.10;;
94/95/10;2.80;1.40;0.00;3.80;10.50;30.30;0.00;15.60;23.50;5.30;24.80;0.50;0.00;3.70;0.00;4.60;0.80;0.00;7.80;35.70;0.00;0.00;1.00;57.30;0.00;1.70;6.00;7.60;45.50;7.80;0.00;298.00;;
94/95/11;0.00;0.00;0.00;2.80;8.00;13.20;21.20;1.10;2.40;1.00;0.00;0.50;1.60;11.50;3.80;2.60;53.80;20.00;23.20;3.20;43.00;110.00;28.00;22.00;24.10;33.80;9.40;6.80;23.40;9.30;28.80;508.50;;
94/95/12;5.80;7.10;8.40;16.50;13.00;3.50;1.20;2.70;34.20;1.30;4.00;1.10;0.00;3.10;11.40;127.50;47.50;14.50;10.40;42.30;49.00;20.00;0.00;0.00;0.70;7.00;11.40;0.00;0.00;46.50;;490.10;;
95/96/01;9.30;0.00;22.40;27.30;37.30;131.80;97.50;50.50;33.50;1.00;0.00;0.00;0.00;0.00;0.00;0.40;1.00;0.00;4.00;26.00;1.30;0.00;0.40;1.50;22.80;15.80;21.30;30.70;27.60;57.50;24.60;645.50;;
95/96/02;36.00;17.60;20.00;38.50;93.30;17.40;40.80;14.80;1.00;26.40;2.10;15.10;23.20;0.00;0.00;0.00;0.00;0.00;0.00;0.00;0.00;0.00;0.00;2.40;0.00;0.00;0.30;0.00;0.00;0.00;;348.90;;
95/96/03;0.00;0.00;1.10;0.80;0.30;0.10;0.00;0.00;17.80;0.00;0.00;0.00;0.00;0.00;0.00;0.00;0.00;0.00;2.10;15.60;0.00;1.20;0.00;15.70;0.00;0.00;0.00;0.00;0.00;0.00;14.00;68.70;;
95/96/04;1.50;3.20;1.30;0.00;0.00;0.00;0.00;0.00;0.00;1.50;1.80;0.80;0.00;23.70;21.30;0.00;0.00;0.00;0.00;0.00;0.00;0.00;0.00;0.00;0.00;0.00;3.20;0.00;0.00;3.50;1.50;63.30;;
95/96/05;0.00;0.00;0.50;1.00;1.00;0.00;0.00;0.00;6.00;7.00;0.00;9.60;0.00;0.00;0.00;0.00;0.00;0.00;0.00;0.00;26.50;34.20;0.00;0.00;0.00;2.50;2.40;1.00;0.00;;;91.70;;
95/96/06;0.00;0.00;0.00;0.00;0.00;5.10;0.00;0.00;0.00;0.00;0.00;0.00;0.00;0.00;2.60;28.20;2.20;36.40;0.00;0.00;0.00;4.90;0.00;0.00;0.50;4.70;0.00;0.00;0.00;0.90;0.00;85.50;;
95/96/07;0.00;34.70;13.00;0.00;32.50;35.40;7.40;163.70;0.00;0.00;19.10;0.50;80.00;4.10;45.80;0.00;14.00;23.00;10.00;17.80;40.70;0.00;3.40;36.30;123.50;1.30;0.00;0.00;17.00;26.00;;749.20;;
95/96/08;59.00;12.70;0.00;0.00;1.50;8.20;2.70;0.00;0.00;0.00;0.00;0.00;0.00;0.00;0.00;0.00;0.00;0.00;0.00;0.00;0.00;0.00;37.00;17.00;0.00;2.60;31.20;30.00;0.00;0.00;18.80;220.70;;
95/96/09;1.80;13.80;2.30;0.00;31.00;0.00;1.40;111.30;8.70;78.70;19.10;59.20;0.00;18.50;1.00;7.90;0.00;0.00;0.00;24.00;9.40;12.50;0.00;0.00;1.00;0.00;0.80;1.50;0.00;0.00;;403.90;;
95/96/10;0.00;0.00;0.60;0.00;21.30;45.00;42.50;13.40;115.90;10.50;6.80;0.00;3.20;3.50;2.00;0.50;0.00;24.40;38.70;18.60;1.40;16.00;24.80;5.20;24.60;32.20;2.00;3.80;1.30;0.00;0.00;458.20;;
95/96/11;0.30;1.70;1.70;7.50;4.00;9.60;0.00;0.00;3.90;26.50;21.50;12.70;6.10;8.20;70.00;90.50;1.20;1.50;1.50;2.50;1.90;34.70;37.90;46.50;9.30;22.20;9.70;4.00;7.20;8.30;1.60;454.20;;
95/96/12;0.50;0.40;7.50;6.80;25.00;31.50;44.30;19.80;64.20;14.40;10.50;19.00;48.00;23.40;17.50;21.50;23.10;9.50;31.90;3.10;261.70;5.80;12.60;39.10;39.20;20.30;53.50;42.50;4.50;4.10;;905.20;;
96/97/01;12.70;1.70;5.00;1.80;0.00;2.80;0.60;1.20;28.50;7.00;9.30;26.00;19.50;73.50;2.50;35.70;98.70;37.10;9.30;11.40;7.70;2.10;0.00;0.00;0.00;0.50;0.00;0.00;0.00;0.00;0.00;394.60;;
96/97/02;0.00;0.00;16.50;31.60;2.30;0.00;0.00;0.00;0.00;0.00;16.20;1.80;10.70;0.00;0.00;0.00;16.80;37.50;8.20;0.00;0.70;26.20;0.00;0.70;2.90;10.90;30.00;60.00;0.00;0.00;;273.00;;
96/97/03;0.00;0.00;0.00;0.00;0.00;0.00;0.00;3.70;0.00;1.50;27.30;3.00;5.30;12.60;16.20;10.00;0.00;0.50;0.00;0.00;0.00;0.00;0.00;0.00;0.00;0.00;12.00;0.00;0.00;0.00;0.00;92.10;;
96/97/04;19.50;0.00;0.00;0.00;0.00;0.00;0.00;0.00;0.00;0.00;3.80;4.30;0.00;3.10;0.00;0.00;0.00;0.00;0.00;0.00;0.00;0.00;0.00;0.00;0.00;0.00;0.00;0.00;0.00;0.00;0.00;30.70;;
96/97/05;0.00;0.00;0.00;0.00;0.00;7.00;0.00;0.00;0.00;0.00;0.00;0.00;0.00;0.00;0.00;0.00;0.00;2.30;0.00;13.70;0.00;0.00;0.00;0.00;0.00;0.00;0.00;0.00;;;;23.00;;
96/97/06;1.70;0.00;16.30;9.30;14.40;4.30;11.00;0.00;0.00;0.50;1.00;14.70;0.00;0.00;0.00;0.00;0.00;0.00;0.00;0.00;0.00;0.00;0.00;2.50;4.70;0.00;8.10;1.70;1.40;0.00;0.00;91.60;;
96/97/07;18.50;42.80;12.80;62.50;2.30;62.40;59.00;0.00;0.00;11.20;4.20;0.00;0.00;0.00;12.00;16.00;1.30;38.50;50.70;4.20;35.00;47.30;3.40;4.10;63.90;1.50;35.00;4.80;37.50;2.30;;633.20;;
96/97/08;31.80;2.80;19.20;82.50;0.00;19.70;28.70;14.00;3.80;2.40;5.70;16.10;27.00;1.80;0.00;19.70;21.10;80.30;3.50;1.50;0.00;18.20;0.00;0.00;3.70;6.10;1.70;0.00;0.00;0.00;26.10;437.40;;
96/97/09;0.00;0.60;0.00;0.80;20.40;0.00;0.00;1.50;15.90;0.00;9.20;1.10;0.00;0.00;0.00;5.50;0.00;0.00;13.80;0.00;0.00;23.50;9.00;55.70;24.00;19.20;84.20;1.60;52.50;0.00;;338.50;;
96/97/10;20.30;4.80;0.00;0.00;0.00;32.10;26.40;0.00;11.00;57.40;12.70;2.90;4.70;1.20;10.80;3.10;0.90;81.00;103.90;382.70;31.70;35.20;38.50;54.90;7.60;0.50;0.00;0.00;2.80;9.10;0.00;936.20;;
96/97/11;16.40;4.40;5.90;0.00;0.00;3.90;27.60;4.70;1.80;1.50;0.50;17.80;0.90;40.00;0.00;0.00;0.00;2.50;16.90;23.40;37.30;5.80;5.00;0.00;0.00;0.00;6.50;45.00;4.20;2.20;0.00;274.20;;
96/97/12;0.00;0.80;0.00;0.00;2.60;5.70;1.20;0.00;3.10;21.60;4.30;13.80;78.30;62.50;149.00;6.70;18.50;8.50;16.80;47.80;51.60;44.20;58.60;17.30;22.60;7.80;6.50;1.00;0.00;12.70;;663.50;;
97/98/01;18.90;28.50;17.10;48.70;0.00;0.00;0.00;83.30;28.50;28.20;0.00;63.30;68.60;42.50;1.90;18.20;11.30;0.00;40.80;41.50;21.80;18.20;0.60;24.90;0.40;0.60;40.00;66.80;97.90;13.60;35.30;861.40;;
97/98/02;0.00;18.00;78.70;14.70;5.70;14.70;0.00;0.00;3.30;0.00;65.80;6.00;3.10;26.50;3.30;0.00;1.00;19.00;0.00;28.00;20.90;15.70;3.50;28.00;5.20;22.50;14.10;2.90;0.00;0.00;;400.60;;
97/98/03;0.90;0.00;0.00;28.10;38.00;14.10;1.70;9.00;1.80;28.50;3.80;0.00;0.00;46.80;0.50;1.50;52.50;12.80;7.10;0.00;53.40;0.00;0.00;18.60;0.00;0.00;0.00;0.80;0.50;0.00;0.00;320.40;;
97/98/04;39.00;0.00;20.20;0.50;0.00;0.00;0.00;46.80;0.00;0.00;0.00;0.00;5.40;0.00;0.00;0.00;0.00;0.00;0.00;0.00;0.00;5.00;0.00;0.00;0.00;0.00;0.00;0.00;0.00;0.00;0.00;116.90;;
97/98/05;0.00;0.00;0.00;0.00;0.00;0.00;26.00;0.00;0.00;0.00;0.00;0.00;0.00;0.00;6.50;1.60;3.70;1.10;0.00;0.00;0.00;0.00;0.00;0.00;0.00;0.00;0.00;0.00;;;;38.90;;
97/98/06;0.00;0.00;0.00;0.00;0.00;1.20;0.00;4.00;0.00;0.00;0.00;0.00;8.00;0.00;0.00;0.00;0.00;0.00;16.40;0.00;0.00;0.00;0.00;0.00;0.00;0.00;0.00;0.00;25.00;14.60;23.30;92.50;;
97/98/07;0.00;29.10;1.50;2.60;0.00;22.50;7.00;19.50;10.80;42.00;1.40;0.00;7.70;0.00;0.00;0.00;0.00;0.00;0.00;0.00;0.00;0.00;0.00;0.50;5.90;3.10;0.00;2.80;3.20;0.00;;159.60;;
97/98/08;0.00;11.10;15.30;11.00;2.50;0.00;0.00;29.90;6.90;6.20;22.30;14.40;1.60;33.60;62.80;28.80;5.80;3.90;52.50;62.40;0.00;4.20;0.00;0.00;0.00;7.70;31.50;31.40;0.00;0.00;0.00;445.80;;
97/98/09;1.00;74.80;23.20;37.30;11.50;0.70;0.50;6.50;6.00;59.70;34.10;0.50;11.00;44.60;23.40;23.20;7.50;20.30;10.70;6.30;4.90;32.90;34.70;8.40;36.60;16.00;10.10;9.80;15.20;9.30;;580.70;;
97/98/10;2.60;0.00;19.80;0.00;0.00;0.00;0.00;0.00;0.00;3.20;8.20;97.90;18.70;28.40;3.10;79.60;126.70;93.70;78.00;30.30;3.00;0.00;137.90;26.60;6.10;5.60;33.50;17.70;0.00;5.50;8.00;834.10;;
97/98/11;8.70;16.70;0.40;10.30;1.70;8.70;15.20;5.20;7.50;6.00;15.10;21.80;12.20;53.00;77.00;7.80;4.60;30.90;72.20;48.30;62.00;42.30;28.50;8.10;0.00;0.00;0.00;0.00;0.00;0.00;5.30;569.50;;
97/98/12;56.00;3.30;1.20;39.00;55.20;6.80;4.00;32.00;4.50;18.10;16.30;13.50;74.20;9.80;0.00;12.60;21.20;0.00;1.60;7.30;23.50;87.00;131.90;0.00;2.40;11.70;59.80;85.80;0.00;4.80;;783.50;;
98/99/01;4.20;12.60;3.10;6.40;5.30;9.90;13.30;72.70;61.90;72.20;62.60;2.00;0.00;33.20;14.00;0.00;0.00;0.80;0.00;0.00;0.00;0.00;0.00;0.00;6.80;0.00;40.90;5.00;37.50;22.70;1.50;488.60;;
98/99/02;0.00;30.00;15.60;21.60;39.80;40.40;0.00;56.40;31.00;11.20;45.90;0.00;57.20;47.50;25.10;0.00;0.00;0.00;0.00;0.00;0.00;0.00;0.00;0.00;4.60;0.00;0.00;0.00;0.00;0.80;;427.10;;
98/99/03;62.50;9.60;5.10;0.00;11.10;1.00;25.00;0.00;9.70;8.10;95.00;18.90;0.00;0.00;2.70;0.00;0.00;0.50;0.00;0.00;0.00;0.00;0.00;0.00;0.00;0.50;23.70;21.50;2.30;1.00;0.00;298.20;;
98/99/04;53.10;1.00;16.50;0.00;3.10;0.60;0.00;0.00;0.00;0.00;0.00;0.00;0.00;0.00;0.50;0.00;12.00;0.80;20.50;11.30;0.00;0.00;0.00;0.00;0.00;0.00;0.00;0.00;0.00;0.00;0.00;119.40;;
98/99/05;2.00;2.70;6.30;0.00;0.00;8.00;5.70;25.50;0.00;0.00;0.00;0.00;0.00;0.00;0.00;13.60;0.00;10.00;0.00;33.30;0.00;9.90;0.00;0.00;0.00;0.00;24.50;5.40;;;;146.90;;
98/99/06;0.00;0.00;0.00;0.00;0.00;0.00;0.00;0.00;0.00;0.00;0.00;0.00;0.00;0.00;2.50;7.70;42.00;7.50;0.00;0.00;1.10;27.20;0.00;0.00;0.00;0.00;1.00;11.10;0.00;0.50;42.00;142.60;;
98/99/07;6.50;49.40;5.80;0.00;0.00;32.70;14.50;52.40;109.20;0.00;2.30;1.20;32.50;12.50;0.70;0.80;6.30;29.60;156.00;159.10;20.80;5.40;44.00;13.20;0.00;0.00;0.00;1.40;0.00;0.00;;756.30;;
98/99/08;1.10;0.00;0.00;1.00;20.00;1.50;4.70;5.60;1.30;7.70;6.80;2.10;10.40;79.70;10.70;55.20;0.00;0.80;74.30;18.00;42.00;19.20;34.90;27.10;45.20;46.60;22.80;47.50;70.10;47.00;24.20;727.50;;
98/99/09;10.00;45.80;7.00;2.00;71.00;35.70;18.00;42.80;47.30;73.00;58.80;33.30;12.40;18.50;9.10;6.40;0.00;0.00;0.00;0.00;4.90;9.20;0.00;0.00;0.00;0.00;0.00;0.00;0.00;0.00;;505.20;;
98/99/10;0.00;10.80;1.00;79.20;44.40;11.80;0.60;75.00;0.00;4.60;4.60;12.20;0.00;0.00;0.00;26.20;12.60;5.80;21.30;0.00;0.00;2.50;1.10;0.00;3.30;7.50;0.00;0.00;9.20;8.40;66.10;408.20;;
98/99/11;26.10;0.00;4.70;13.40;3.00;0.00;0.00;0.00;0.00;0.00;12.50;16.30;28.20;0.00;0.00;6.00;7.80;2.50;0.40;2.50;45.90;63.10;35.20;73.00;10.20;15.80;1.50;3.20;16.70;10.70;5.10;403.80;;
98/99/12;30.70;31.20;23.40;1.30;4.00;0.00;12.50;0.00;0.00;4.10;9.00;3.70;0.00;28.30;9.10;16.00;26.50;3.20;30.70;21.90;106.00;10.00;30.40;0.00;4.00;14.00;9.00;22.20;18.90;38.20;;508.30;;
99/00/01;41.90;18.80;80.10;8.10;5.50;11.70;1.40;15.00;6.90;9.80;161.30;1.00;44.60;53.30;37.20;24.60;37.30;22.10;11.60;11.00;0.00;0.00;60.00;16.00;1.70;17.70;52.40;59.80;1.00;0.00;5.40;817.20;;
99/00/02;0.00;0.00;0.00;0.00;0.00;47.10;14.00;3.60;4.50;0.00;0.00;0.00;0.00;0.00;0.00;28.50;2.00;3.40;27.60;1.00;1.50;2.00;5.00;0.00;2.60;16.80;3.40;2.50;37.60;2.80;;205.90;;
99/00/03;26.90;14.50;22.10;12.00;0.50;0.00;0.00;0.00;0.00;0.00;0.00;0.00;2.10;4.70;0.00;0.50;0.00;42.40;0.00;0.00;0.00;5.80;2.90;2.50;0.00;0.00;0.00;0.00;0.00;0.00;0.00;136.90;;
99/00/04;0.00;0.00;0.00;0.00;0.00;0.60;12.00;140.20;32.00;1.00;5.70;25.60;0.00;23.00;46.00;17.00;0.00;0.00;0.00;0.00;0.00;0.00;0.00;0.00;0.00;0.00;0.00;0.00;1.00;0.00;0.00;304.10;;
99/00/05;2.90;7.20;14.80;16.50;0.40;8.90;16.00;73.60;15.20;13.10;11.00;0.00;0.00;0.00;0.00;0.00;0.00;6.20;13.50;4.60;77.60;62.00;19.70;9.10;0.00;0.00;0.50;40.00;0.50;;;413.30;;
99/00/06;0.50;1.00;0.00;0.00;0.50;1.50;3.60;36.00;0.00;0.00;22.90;0.00;0.00;4.10;0.00;0.00;0.50;0.00;0.00;0.00;0.00;0.00;11.50;21.00;12.00;13.00;2.80;0.00;0.00;0.00;1.80;132.70;;
99/00/07;53.60;3.60;6.10;0.80;4.20;1.30;17.30;0.00;1.70;0.00;3.20;0.00;1.00;0.00;0.00;0.70;0.00;27.60;27.10;0.00;27.00;9.50;56.40;4.60;1.00;0.50;0.00;0.00;0.00;0.00;;247.20;;
99/00/08;0.00;5.90;46.00;0.70;0.70;0.70;28.60;0.00;1.20;12.50;4.70;0.00;0.00;0.00;0.00;1.80;7.00;2.30;10.30;3.00;0.00;0.00;0.00;12.50;31.00;26.20;0.00;0.00;0.00;59.00;23.60;277.70;;
99/00/09;50.60;20.20;4.30;2.80;25.90;19.80;12.10;7.00;10.30;45.50;42.00;13.10;0.00;0.00;0.70;10.20;1.90;0.70;3.40;4.90;44.90;4.90;5.10;4.10;1.10;5.00;49.00;0.00;41.70;13.80;;445.00;;
99/00/10;28.90;21.60;0.00;0.50;4.10;12.80;11.00;6.30;0.90;0.00;0.00;0.00;0.00;0.00;0.00;0.00;1.30;0.00;0.00;0.00;0.00;0.00;0.00;0.00;6.00;3.10;47.20;3.40;33.40;1.00;4.50;186.00;;
99/00/11;32.50;0.50;7.50;0.00;0.70;24.50;34.60;8.10;16.40;0.00;0.00;7.00;26.80;45.40;0.70;0.00;9.60;21.60;16.60;10.00;3.30;2.30;7.10;32.70;62.30;30.90;2.20;16.80;5.00;0.00;0.00;425.10;;
99/00/12;0.00;0.00;0.70;0.90;4.90;0.00;0.00;35.00;2.10;1.50;0.00;1.00;0.00;1.30;5.60;22.60;21.20;48.30;71.40;93.00;9.70;1.30;4.60;28.40;25.80;0.30;13.70;0.00;24.00;47.00;;464.30;;
00/01/01;25.10;7.50;0.00;0.00;29.90;50.10;4.90;23.40;0.00;0.00;0.00;88.70;31.50;6.00;40.60;46.60;49.40;20.80;7.90;4.10;0.00;0.00;0.00;5.00;0.00;0.00;0.00;0.00;1.00;0.00;5.00;447.50;;
00/01/02;4.00;2.40;6.00;30.20;2.00;0.00;7.40;13.90;13.10;0.00;0.00;13.00;0.00;0.00;0.00;0.50;22.70;5.90;25.40;15.40;0.00;0.00;0.00;0.00;0.00;0.00;0.00;0.00;0.00;8.50;;170.40;;
00/01/03;0.00;0.00;3.30;0.00;0.00;0.00;0.00;0.00;0.00;0.00;0.00;0.00;0.00;0.00;0.00;4.00;0.90;0.60;0.00;0.00;1.00;0.00;0.00;1.00;4.70;60.00;42.80;2.40;0.00;4.00;17.00;141.70;;
00/01/04;3.00;0.00;9.10;15.60;1.30;0.00;0.00;0.00;3.50;0.00;0.80;20.50;0.00;0.00;0.00;0.00;2.10;5.50;0.00;0.00;0.70;11.70;0.00;0.00;2.50;4.00;0.30;0.00;54.20;0.00;0.00;134.80;;
00/01/05;38.30;31.60;110.60;0.00;0.00;0.00;0.00;0.00;0.00;0.00;0.00;0.00;0.00;0.00;0.00;34.60;0.00;0.60;24.30;3.00;0.00;0.00;0.00;0.00;0.00;0.00;0.00;0.00;0.00;;;243.00;;
00/01/06;0.00;0.00;0.00;0.00;2.30;0.00;0.00;0.00;0.00;0.00;0.00;0.00;0.00;0.00;0.00;0.00;0.00;11.00;12.80;24.40;4.40;0.00;0.00;0.00;0.00;0.00;0.00;0.00;13.40;28.00;0.00;96.30;;
00/01/07;1.00;0.00;1.20;14.10;22.70;50.00;51.60;18.70;37.50;7.00;1.40;0.00;0.00;34.80;29.80;1.70;10.60;45.80;25.30;2.40;35.40;0.00;0.00;0.00;0.00;3.20;17.20;5.00;7.20;0.80;;424.40;;
00/01/08;4.70;8.90;20.80;0.00;0.00;3.10;6.70;23.20;15.50;4.30;0.00;0.50;1.30;1.40;0.00;22.30;143.90;12.30;26.10;9.50;1.00;0.00;4.50;1.00;0.00;18.20;26.30;70.70;22.80;13.00;0.00;462.00;;
00/01/09;0.00;138.20;4.30;1.10;8.50;1.90;0.00;1.50;0.00;4.30;23.30;14.00;0.00;0.00;0.00;0.00;0.00;0.50;1.10;13.50;15.60;3.40;24.20;4.50;11.10;0.00;4.00;3.40;11.00;0.40;;289.80;;
00/01/10;1.50;22.70;43.30;29.40;16.90;45.80;4.30;21.00;1.50;10.70;0.00;0.00;0.00;0.00;0.00;0.00;0.00;0.00;0.00;0.00;0.00;5.30;1.40;5.30;125.60;113.50;2.90;18.20;2.60;0.90;64.40;537.20;;
00/01/11;17.80;0.00;3.80;1.70;0.00;0.00;1.60;3.40;0.00;0.00;9.00;1.80;3.80;8.50;1.10;0.50;0.00;4.00;16.50;2.20;1.50;6.20;1.00;6.30;29.70;0.00;3.80;0.00;3.90;0.00;0.00;128.10;;
00/01/12;0.00;0.00;0.00;0.00;0.00;0.00;0.00;1.20;0.00;0.00;0.00;0.00;0.00;0.00;0.00;3.40;30.60;3.00;50.90;2.90;15.40;22.00;17.60;122.50;62.80;3.60;6.70;82.80;43.70;12.50;;481.60;;
01/02/01;;;;;;;;;;;;;;;;;;;;;;;;;;;;;;;;0.00;;
01/02/02;0.00;11.80;0.00;7.40;14.40;13.60;1.30;22.10;41.70;21.90;0.00;0.00;19.20;11.00;1.20;34.50;1.70;30.80;10.10;2.00;0.00;25.20;0.00;0.00;0.00;0.00;2.00;0.00;0.00;0.00;;271.90;;
01/02/03;0.00;0.80;9.00;35.00;17.00;44.30;0.00;0.00;0.00;0.00;0.00;0.00;0.00;0.00;0.00;0.00;0.00;7.30;5.30;16.80;34.00;0.00;38.20;7.50;6.00;0.00;4.80;0.00;0.00;0.00;2.00;228.00;;
01/02/04;0.00;0.00;0.00;0.00;37.20;0.00;0.00;0.00;0.00;0.00;0.00;0.00;0.00;0.00;0.00;0.00;0.00;0.00;0.00;0.00;0.00;0.00;0.00;0.00;0.00;0.00;0.00;0.00;0.00;0.00;7.90;45.10;;
01/02/05;0.00;19.20;5.50;1.20;0.00;0.00;0.00;0.00;0.00;1.60;28.20;0.00;0.00;0.00;0.00;0.00;0.00;0.00;0.00;0.00;0.00;0.00;0.00;0.00;0.00;0.80;0.00;0.00;;;;56.50;;
01/02/06;0.00;0.00;0.00;0.00;0.00;35.20;3.80;0.00;1.20;0.00;0.00;0.00;0.50;19.80;0.00;0.00;14.10;0.00;0.00;0.00;0.00;0.00;0.00;1.00;0.00;0.00;6.00;1.70;2.50;37.50;33.10;156.40;;
01/02/07;26.50;0.00;7.40;22.30;2.80;0.00;24.60;80.00;7.50;0.00;68.00;20.60;33.80;82.80;1.70;19.40;38.70;69.10;1.00;4.00;27.30;18.60;22.30;34.20;0.00;13.20;2.50;33.00;74.70;0.00;;736.00;;
01/02/08;22.30;11.10;5.00;0.00;1.00;15.10;8.20;0.00;0.00;40.40;1.70;27.90;21.30;8.80;1.00;11.80;35.00;56.90;22.50;11.20;7.50;3.40;5.10;78.10;12.50;0.50;0.00;3.50;2.20;41.10;29.40;484.50;;
01/02/09;101.10;3.70;3.40;3.80;40.50;116.10;59.90;10.50;34.70;17.50;106.30;9.60;15.70;5.00;0.00;0.00;0.00;0.00;0.00;0.00;0.00;2.60;22.70;2.30;0.00;0.00;0.00;0.00;0.00;0.00;;555.40;;
01/02/10;26.90;45.50;19.50;13.70;3.20;8.90;5.50;0.00;0.00;0.00;16.00;21.30;15.90;9.40;6.20;0.00;0.00;5.00;7.70;12.20;35.70;11.50;2.00;9.80;0.00;0.00;0.80;7.10;17.10;19.50;71.10;391.50;;
01/02/11;2.60;14.10;6.30;22.00;5.70;0.00;21.40;4.30;2.60;3.00;0.00;0.00;0.00;2.80;23.40;45.20;4.10;0.00;1.30;0.00;0.00;31.40;0.00;0.00;0.00;5.80;0.00;0.00;0.00;0.00;3.80;199.80;;
01/02/12;3.40;2.90;0.00;0.00;1.50;20.60;0.00;0.00;0.00;0.00;0.00;0.00;0.00;1.60;0.00;8.20;3.20;5.00;0.00;0.00;0.00;0.00;0.00;4.00;0.00;2.70;0.00;0.00;45.80;1.80;;100.70;;
02/03/01;10.30;38.30;3.40;18.30;10.40;21.60;19.50;15.90;20.70;16.00;0.00;11.40;0.00;8.60;0.70;76.70;1.50;12.40;60.50;69.30;0.00;9.80;30.10;45.70;22.20;2.70;0.00;1.00;21.30;11.30;5.10;564.70;;
02/03/02;6.80;62.40;0.00;34.90;33.10;0.00;11.60;8.40;16.60;6.50;1.00;6.20;0.00;0.00;0.00;6.10;4.10;2.10;0.70;6.80;44.00;38.70;6.30;0.00;0.00;0.00;38.00;0.00;0.00;0.00;;334.30;;
02/03/03;0.00;0.00;1.80;0.00;0.80;21.00;30.50;0.00;0.00;28.70;0.00;4.80;16.80;6.40;8.00;2.30;0.00;4.70;0.50;0.00;0.00;0.00;1.30;0.00;0.00;0.00;0.00;0.00;0.00;0.00;0.00;127.60;;
02/03/04;0.00;0.00;0.00;2.40;3.90;1.30;5.00;13.60;11.50;0.00;1.00;0.00;0.00;0.00;54.50;0.00;0.00;0.00;7.80;0.00;0.70;0.00;13.50;0.00;0.00;0.00;0.00;0.00;0.00;0.00;0.00;115.20;;
02/03/05;0.00;4.60;0.00;1.70;0.00;0.00;1.10;0.00;0.00;0.00;17.20;11.70;0.00;2.70;40.00;8.80;0.00;0.00;0.00;0.00;0.00;0.00;0.00;0.00;0.00;0.00;0.00;0.00;;;;87.80;;
02/03/06;0.00;0.00;0.00;0.00;0.00;22.50;9.00;0.00;0.00;0.00;11.80;18.00;49.50;1.00;0.00;2.50;23.20;33.70;13.50;11.60;0.00;0.00;5.40;0.00;11.60;8.60;14.10;0.00;0.00;0.00;0.00;236.00;;
02/03/07;0.00;3.80;0.00;0.00;0.00;8.50;9.10;19.20;58.00;34.20;0.00;0.00;7.80;23.60;8.10;7.00;0.00;29.50;27.10;13.40;43.20;20.50;6.00;11.60;2.10;61.10;3.90;33.70;0.00;11.80;;443.20;;
02/03/08;0.80;1.00;7.50;16.00;4.00;67.80;1.40;5.00;40.70;1.00;0.00;25.00;16.20;26.90;10.80;87.50;45.70;30.70;0.00;0.00;0.00;0.00;0.00;0.00;0.00;2.00;0.00;0.00;0.00;0.00;3.10;393.10;;
02/03/09;51.20;0.00;10.80;3.20;2.80;1.50;12.50;30.00;0.00;69.00;9.80;6.00;7.40;12.10;1.00;5.70;11.00;16.10;59.60;39.70;5.80;27.50;3.30;9.70;4.40;0.00;8.00;24.50;28.70;25.80;;487.10;;
02/03/10;43.80;9.50;28.00;31.60;10.90;1.60;0.00;8.90;68.40;68.20;15.80;0.00;36.10;95.70;59.30;1.00;1.70;6.00;2.30;2.10;30.50;44.80;3.30;0.00;6.10;2.30;10.50;0.00;0.00;0.00;54.10;642.50;;
02/03/11;0.00;0.00;2.70;28.20;14.80;23.70;12.00;0.80;6.30;9.90;9.90;100.70;56.10;34.70;67.60;24.70;10.30;10.30;1.10;0.00;18.40;50.30;17.90;9.20;19.30;0.00;0.00;0.00;0.00;0.00;10.60;539.50;;
02/03/12;76.50;21.80;13.10;25.00;1.70;40.90;0.00;2.00;25.60;11.50;0.00;0.00;2.00;8.50;12.50;12.20;12.20;23.10;45.60;71.50;21.70;0.00;3.20;0.00;0.00;30.50;17.30;7.90;83.20;14.70;;584.20;;
03/04/01;0.00;5.50;5.50;23.40;41.50;1.10;23.00;53.30;0.00;0.00;0.00;81.00;0.00;0.00;29.20;1.80;3.70;4.40;4.80;31.20;0.00;0.00;0.70;7.90;0.00;2.70;16.40;40.80;0.00;13.80;48.30;440.00;;
03/04/02;33.30;17.80;30.20;3.10;8.50;1.00;0.00;1.10;3.80;0.00;0.00;0.00;0.80;9.50;1.30;5.70;0.00;10.80;67.80;10.60;0.00;6.10;1.00;0.00;0.00;0.00;6.40;2.10;2.50;2.80;;226.20;;
03/04/03;0.00;0.00;0.00;0.00;28.60;0.50;0.00;0.00;0.00;0.00;0.00;0.00;0.00;0.00;0.00;0.00;0.00;0.00;0.00;0.00;0.00;0.00;0.00;0.00;61.50;0.00;16.50;0.00;0.00;0.00;0.00;107.10;;
03/04/04;0.00;0.00;0.00;0.00;0.00;0.00;0.00;0.00;0.00;0.00;0.00;0.00;0.00;0.00;0.00;0.00;0.00;0.00;0.00;0.00;0.00;0.00;0.00;0.00;2.80;7.80;9.50;22.50;0.00;0.00;0.00;42.60;;
03/04/05;0.00;0.00;13.40;0.00;0.00;0.00;12.70;32.00;0.00;0.80;6.30;12.50;6.50;0.00;0.00;0.00;0.00;0.00;0.00;0.00;0.00;9.20;1.00;0.00;0.00;22.70;0.00;0.00;;;;117.10;;
03/04/06;0.00;0.00;0.00;0.00;0.00;0.00;0.00;1.30;3.10;0.00;13.00;0.00;0.50;48.70;18.30;12.30;8.40;8.70;0.00;0.00;0.00;1.70;63.80;11.00;19.70;15.00;0.00;6.50;0.50;22.70;1.40;256.60;;
03/04/07;27.20;0.00;15.60;2.90;15.50;9.90;0.00;6.30;0.70;13.00;38.20;29.40;17.70;0.80;8.80;10.50;43.30;0.00;0.00;0.00;0.60;50.30;82.50;72.50;9.10;35.80;5.30;0.00;13.70;10.80;;520.40;;
03/04/08;13.70;6.80;25.00;23.80;10.70;7.20;15.00;1.30;2.20;1.00;4.20;41.40;1.80;28.90;16.70;0.00;4.70;12.90;1.50;55.00;11.10;16.20;54.30;15.10;14.50;55.60;40.40;10.60;69.20;17.20;12.50;590.50;;
03/04/09;16.70;52.70;49.90;4.80;26.30;5.20;31.90;12.50;9.20;0.00;79.10;19.20;14.50;0.00;0.00;25.20;40.50;10.00;0.00;0.00;0.00;0.00;1.20;0.00;3.70;4.40;11.80;16.10;56.20;39.40;;530.50;;
03/04/10;16.90;10.30;15.30;25.10;19.70;59.30;28.70;53.40;27.70;8.50;13.80;2.20;0.00;3.30;20.10;19.10;11.50;13.90;0.00;22.00;21.60;1.30;19.70;1.00;4.00;0.00;12.30;0.00;9.80;0.00;0.00;440.50;;
03/04/11;0.00;0.00;0.00;40.80;4.60;22.10;0.00;0.00;0.00;0.00;0.00;2.60;10.80;14.20;7.50;15.80;60.50;7.30;0.00;0.50;0.00;0.00;0.00;0.00;0.00;0.30;0.00;3.50;10.20;2.40;0.00;203.10;;
03/04/12;0.00;0.00;0.00;7.10;49.00;57.90;7.00;0.00;0.00;2.30;95.00;5.60;18.20;1.20;14.00;14.20;83.00;38.80;37.20;25.10;60.20;7.10;1.80;2.40;2.70;6.70;0.50;0.00;0.00;1.40;;538.40;;
04/05/01;67.00;21.70;35.40;26.60;18.90;1.30;27.90;7.40;14.40;52.00;1.50;65.60;40.40;98.70;17.40;32.30;70.20;38.10;10.20;37.00;1.60;29.00;14.70;13.10;1.80;38.90;49.30;48.70;0.00;1.90;18.80;901.80;;
04/05/02;52.20;0.00;0.00;1.00;1.30;1.80;0.00;75.00;19.80;14.00;55.00;37.40;0.80;0.50;20.20;0.00;0.00;0.00;0.00;0.00;0.50;4.30;0.00;6.80;0.00;3.50;0.00;2.80;6.20;0.00;;303.10;;
04/05/03;0.00;18.60;28.70;1.50;12.10;0.00;0.00;0.00;0.70;0.00;6.40;37.40;0.00;27.10;8.10;50.20;0.00;0.00;0.00;0.00;0.00;0.00;0.00;0.00;0.00;0.00;6.20;38.40;0.00;26.50;6.20;268.10;;
04/05/04;0.00;0.00;0.00;0.00;0.00;0.00;0.00;0.00;0.00;0.00;0.00;0.00;0.00;0.00;0.00;0.00;0.00;3.80;1.70;0.70;1.80;0.00;2.10;3.00;0.00;0.00;0.00;0.00;0.90;9.10;0.80;23.90;;
04/05/05;124.80;0.00;0.00;0.00;0.00;0.00;0.00;0.00;0.00;0.00;0.00;0.00;0.00;0.00;0.00;0.00;0.00;0.00;0.00;16.40;0.00;31.20;0.00;0.00;0.00;0.00;0.00;0.00;;;;172.40;;
04/05/06;1.30;0.00;0.00;15.00;4.40;17.40;2.00;6.20;1.10;6.50;7.70;15.90;3.50;0.00;0.00;0.00;0.00;0.00;20.00;33.70;0.00;0.00;0.00;19.50;1.70;0.00;0.00;1.40;0.00;20.70;60.60;238.60;;
04/05/07;10.00;8.00;0.00;3.00;2.30;0.00;0.00;0.00;2.10;3.20;0.60;1.30;9.30;7.90;3.40;9.60;0.60;1.60;15.40;0.00;0.00;1.60;0.00;16.40;49.90;68.50;20.00;4.60;6.10;0.00;;245.40;;
04/05/08;85.20;21.00;42.30;4.90;3.90;3.10;0.00;0.00;0.00;0.00;0.00;0.00;30.90;0.00;0.00;0.00;0.00;0.00;0.00;0.00;0.00;4.90;5.30;3.80;3.10;2.40;3.50;4.40;33.80;0.00;8.00;260.50;;
04/05/09;6.20;3.30;69.50;22.70;16.60;21.20;9.00;112.20;16.50;2.80;9.90;16.40;34.40;11.80;16.30;15.30;24.30;27.60;25.10;57.30;7.60;0.00;0.60;6.80;11.70;3.10;10.00;2.70;0.00;0.70;;561.60;;
04/05/10;4.50;8.20;3.10;35.30;10.80;4.00;8.60;42.70;30.00;35.50;6.80;0.00;8.10;17.50;70.90;18.60;5.20;0.20;1.70;3.00;0.00;6.30;8.90;6.70;6.60;4.10;6.30;19.00;1.30;4.50;35.40;413.80;;
04/05/11;6.60;5.20;0.00;13.00;0.00;0.00;0.00;0.00;0.80;0.00;22.10;8.60;8.60;5.70;29.00;3.40;0.30;0.00;0.00;0.00;0.70;0.00;0.00;0.00;1.70;0.80;1.80;0.00;14.90;44.20;90.50;257.90;;
04/05/12;16.80;34.80;60.50;107.50;21.70;0.00;7.30;8.60;11.50;72.00;32.70;1.20;18.40;9.50;2.50;0.00;0.00;0.00;0.00;16.00;1.50;3.50;0.00;1.80;0.00;0.00;3.00;0.00;0.00;6.30;;437.10;;
05/06/01;0.00;1.00;0.00;0.00;1.10;11.30;72.20;113.50;2.60;24.40;116.50;54.50;30.60;0.00;0.00;5.60;1.10;16.90;19.20;34.20;24.40;55.80;59.80;8.90;36.60;23.80;72.70;7.50;3.20;2.50;78.40;878.30;;
05/06/02;17.90;17.30;13.20;3.90;42.10;83.30;8.60;27.20;0.00;8.50;7.20;17.70;9.00;4.80;0.00;0.00;0.00;0.00;2.20;17.10;80.60;18.60;4.70;1.90;23.60;102.40;15.90;18.20;0.00;0.00;;545.90;;
05/06/03;0.00;0.00;22.20;17.40;0.40;3.60;0.00;0.00;0.00;8.60;0.50;0.00;1.70;4.30;0.00;0.00;0.00;9.00;34.10;0.00;2.80;2.00;0.00;0.00;2.50;0.00;0.00;0.00;0.00;0.00;0.00;109.10;;
05/06/04;0.00;3.80;3.60;4.60;2.00;3.40;0.30;3.10;0.00;0.70;19.00;7.80;19.60;3.80;0.00;1.70;0.00;0.00;0.00;0.00;0.00;0.00;0.00;0.00;0.00;0.00;0.00;0.00;0.00;2.50;0.00;75.90;;
05/06/05;0.00;0.00;5.40;3.50;0.00;0.00;0.00;0.00;27.80;1.00;0.00;0.00;0.00;6.10;0.00;0.00;0.70;0.00;0.00;0.00;0.00;0.00;39.60;0.00;0.90;0.60;7.20;38.30;;;;131.10;;
05/06/06;3.30;23.50;0.00;39.10;0.00;24.70;27.10;13.60;0.00;3.10;118.10;11.20;0.00;0.00;0.00;1.60;2.30;0.00;0.00;0.00;0.00;0.00;0.00;0.00;0.00;0.00;0.00;0.00;89.60;1.50;15.70;374.40;;
05/06/07;12.30;2.80;0.00;0.00;0.00;0.00;9.10;0.00;5.10;82.50;1.00;0.70;61.00;2.60;45.70;42.90;35.40;0.00;0.00;27.30;0.00;23.00;0.00;21.30;0.00;0.00;0.00;0.00;0.00;0.00;;372.70;;
05/06/08;0.00;0.00;11.00;5.80;1.50;0.00;0.00;20.00;42.30;5.90;1.30;0.00;3.80;99.50;12.70;0.80;1.40;78.90;30.50;17.30;7.20;17.20;92.50;47.70;4.80;29.60;36.30;26.00;24.40;16.80;7.80;643.00;;
05/06/09;0.00;0.00;0.00;1.00;7.90;0.00;2.40;0.70;27.10;18.50;18.60;0.00;0.00;0.00;4.20;6.80;1.40;10.10;144.20;118.80;60.00;82.90;17.00;0.00;0.00;0.00;0.60;4.30;0.00;0.00;;526.50;;
05/06/10;1.50;47.40;22.20;47.80;25.50;0.00;0.00;0.00;1.60;4.20;1.30;9.10;4.70;2.70;1.20;0.60;34.00;1.00;0.00;16.80;2.30;0.00;0.00;0.00;0.00;17.30;9.30;10.30;5.50;0.00;12.30;278.60;;
05/06/11;1.70;0.00;1.30;2.40;0.00;0.00;0.00;0.00;2.10;81.20;48.80;52.30;31.90;36.40;34.00;10.60;25.30;16.90;22.30;64.10;8.10;10.50;0.00;29.30;2.00;6.70;0.00;0.00;18.30;0.00;0.00;506.20;;
05/06/12;0.00;20.70;0.40;14.10;2.10;35.40;11.20;39.30;8.10;7.00;4.10;25.80;14.20;32.80;0.00;0.00;0.00;0.00;2.20;0.00;0.00;0.00;1.10;20.30;23.80;1.50;1.10;0.00;0.70;0.00;;265.90;;
06/07/01;0.20;0.00;0.00;13.10;15.40;4.40;14.00;4.20;2.60;3.00;6.00;58.70;1.20;11.00;12.60;6.10;87.60;62.70;26.80;24.60;26.00;3.70;18.90;42.70;22.00;27.20;37.90;13.80;0.00;90.70;17.00;654.10;;
06/07/02;0.70;2.40;41.70;35.60;32.00;20.40;9.20;75.20;15.30;21.40;84.80;27.60;53.00;0.00;4.20;32.10;23.30;24.00;22.40;3.50;0.00;0.00;21.60;0.00;44.40;9.10;22.70;0.00;0.00;0.00;;626.60;;
06/07/03;0.00;1.40;2.00;0.00;0.70;0.00;2.60;0.00;0.00;14.00;54.40;8.90;0.00;0.00;0.00;10.70;0.00;0.00;23.40;0.00;0.00;0.50;0.00;0.00;0.00;0.00;0.00;0.00;0.00;0.00;0.00;118.60;;
06/07/04;0.00;0.00;0.00;0.00;0.00;0.00;0.00;1.40;3.70;58.00;13.00;7.50;1.70;0.00;0.00;0.00;0.00;0.00;0.00;0.00;0.00;0.00;0.00;0.00;0.00;1.80;12.10;6.00;1.00;0.00;0.00;106.20;;
06/07/05;0.00;0.00;0.00;0.00;0.00;0.00;0.00;0.00;0.00;0.00;0.00;0.00;0.00;0.00;0.00;0.00;0.00;2.10;0.00;0.00;0.00;0.00;0.00;0.00;7.60;14.80;0.00;0.00;;;;24.50;;
06/07/06;0.00;9.00;0.00;0.00;0.00;0.00;0.00;0.00;0.00;0.00;0.80;9.70;1.00;4.70;60.80;0.70;0.00;0.00;0.00;0.00;0.00;0.00;0.00;0.00;0.00;0.00;0.00;0.00;0.00;0.00;72.10;158.80;;
06/07/07;2.00;0.00;5.80;1.50;43.10;21.60;85.90;68.50;1.70;46.70;15.70;16.60;2.20;0.00;8.60;0.00;0.00;0.00;26.00;0.00;4.50;3.70;57.50;0.00;15.00;130.60;7.10;3.60;5.60;11.00;;584.50;;
06/07/08;0.00;15.60;26.60;23.50;1.00;24.20;12.90;24.00;18.10;22.80;185.80;16.80;1.10;0.00;0.00;0.00;0.00;0.00;2.20;0.00;0.00;0.00;6.50;10.00;0.00;0.00;92.00;10.50;4.70;40.70;2.60;541.60;;
06/07/09;0.00;0.00;0.00;5.90;4.30;17.40;70.50;17.00;9.00;15.10;28.20;30.30;93.70;5.30;110.00;1.20;1.00;16.30;4.00;10.10;26.60;22.60;0.60;0.00;0.00;0.00;0.00;9.70;0.00;0.00;;498.80;;
06/07/10;0.00;11.00;42.50;0.00;1.40;1.10;3.00;1.40;0.00;16.40;38.40;16.00;7.80;0.00;0.00;79.40;12.50;1.70;112.80;29.50;4.80;16.00;1.80;10.30;0.00;5.40;0.00;9.60;1.70;0.50;0.00;425.00;;
06/07/11;0.00;3.80;1.90;2.10;0.50;0.00;0.00;0.00;1.60;13.50;11.30;9.90;5.70;0.00;0.80;0.00;0.40;3.10;3.20;25.80;48.60;1.10;8.60;5.90;23.10;10.50;7.60;2.70;46.20;94.40;54.70;387.00;;
06/07/12;9.60;10.70;0.00;16.40;83.10;37.30;34.50;28.80;61.00;0.00;0.00;2.10;30.10;7.60;5.10;37.70;54.20;2.80;28.90;8.50;7.20;22.70;13.70;0.00;0.00;0.00;10.90;7.10;6.10;5.00;;531.10;;
07/08/01;10.40;38.90;6.50;3.00;65.00;13.00;59.10;8.20;0.40;2.40;0.00;23.00;0.00;1.00;0.80;46.00;19.80;0.70;52.80;1.00;42.10;56.10;2.40;1.40;11.00;40.50;29.80;10.70;6.00;3.70;0.00;555.70;;
07/08/02;6.00;10.60;18.00;40.40;27.50;46.60;2.00;27.20;0.00;0.40;8.00;0.00;0.00;0.00;0.00;0.00;0.00;0.00;3.00;3.80;11.30;40.30;0.00;0.00;0.00;0.00;0.00;0.00;1.50;0.00;;246.60;;
07/08/03;0.00;24.90;0.00;0.00;0.60;0.00;0.00;0.00;0.00;0.00;0.00;13.40;3.80;7.40;0.00;0.00;0.50;2.10;1.20;0.00;4.00;3.10;2.10;0.00;0.00;0.00;0.00;0.00;0.00;0.00;0.00;63.10;;
07/08/04;0.00;0.00;10.00;0.60;0.00;5.90;1.80;2.20;1.40;19.70;5.40;3.40;6.20;0.00;0.00;0.00;0.00;0.00;0.00;0.00;1.00;20.00;0.00;0.00;0.00;0.00;0.00;0.00;0.00;0.00;0.00;77.60;;
07/08/05;0.00;0.00;2.50;18.30;0.00;82.50;76.30;2.70;2.90;34.70;3.00;38.40;19.00;0.00;0.00;0.00;0.00;0.00;0.00;0.50;0.50;0.00;0.00;0.00;0.00;0.60;4.10;1.60;9.00;0.00;0.00;296.60;;
07/08/06;0.00;4.50;0.00;53.70;1.60;7.20;0.50;0.50;6.00;16.90;19.60;87.00;9.80;17.50;11.90;0.40;2.50;1.20;0.00;0.00;0.00;17.10;15.70;0.00;0.00;0.00;0.00;36.20;18.30;37.50;0.00;365.60;;
07/08/07;0.00;20.00;47.50;11.50;7.80;1.80;2.00;21.70;60.20;7.70;16.30;25.80;0.00;0.40;38.40;0.00;21.00;20.50;3.00;17.80;17.70;0.00;1.00;21.30;23.30;17.70;112.20;160.10;3.30;10.10;;690.10;;
07/08/08;4.10;4.70;12.10;10.20;4.80;2.90;0.00;3.30;3.40;0.00;21.70;32.00;16.00;5.00;12.50;2.20;0.00;3.30;10.90;7.60;0.00;117.20;119.50;0.00;0.00;16.00;17.90;41.90;41.00;185.10;39.10;734.40;;
07/08/09;21.50;33.10;13.10;4.50;5.70;16.80;6.50;34.40;19.70;14.20;0.50;0.70;15.40;0.00;3.60;0.00;8.50;38.10;8.30;27.60;14.10;85.00;9.80;27.80;20.30;1.00;0.00;4.50;13.10;31.20;;479.00;;
07/08/10;41.70;0.00;0.00;1.00;2.90;26.30;13.40;8.70;0.00;2.70;31.10;0.00;3.30;5.50;29.30;8.50;9.40;224.20;11.60;12.60;11.60;118.10;6.30;6.20;1.30;0.00;3.90;21.70;7.00;2.00;14.50;624.80;;
07/08/11;3.20;0.00;0.00;3.50;0.00;0.00;0.00;0.00;2.50;3.30;0.90;37.50;17.40;12.20;0.00;0.00;2.20;0.00;0.00;34.30;23.60;0.00;13.20;5.90;23.40;25.50;4.80;5.70;6.70;31.90;13.40;271.10;;
07/08/12;0.00;0.00;2.00;11.40;35.90;30.60;25.70;41.30;6.60;11.40;71.90;0.00;0.00;0.00;0.00;0.00;0.00;0.00;0.00;0.00;0.00;0.00;0.00;0.00;0.00;5.80;6.90;0.00;0.00;0.00;;249.50;;
08/09/01;0.00;0.00;0.00;4.60;1.20;1.30;3.70;10.30;1.00;27.70;0.70;8.20;0.60;18.70;3.80;21.40;37.20;0.00;24.30;71.40;51.50;31.50;12.80;71.40;15.70;26.10;15.20;0.00;0.00;0.00;0.00;460.30;;
08/09/02;0.00;0.00;0.00;0.00;0.00;0.00;0.00;4.50;3.00;0.00;0.00;2.50;0.00;0.00;0.00;0.00;0.00;0.00;1.80;18.50;1.10;4.80;65.30;14.80;40.20;30.20;4.30;6.00;11.10;4.70;;212.80;;
08/09/03;2.90;3.20;14.30;0.60;1.50;0.90;0.00;51.40;0.00;0.00;5.80;0.00;0.00;0.00;10.40;0.60;1.20;0.70;5.80;0.00;0.00;0.00;0.00;15.50;0.00;0.00;0.00;0.00;0.00;0.00;0.00;114.80;;
08/09/04;0.00;0.00;0.00;0.00;0.00;0.00;2.90;0.00;0.00;0.00;0.00;0.00;0.00;0.00;0.00;0.00;0.00;0.00;0.00;0.00;0.00;0.00;0.00;0.00;0.00;0.00;15.20;1.00;0.00;0.00;0.00;19.10;;
08/09/05;0.00;0.00;0.00;0.00;0.00;0.00;0.00;0.00;0.00;0.00;0.00;0.00;0.00;0.00;0.00;0.00;0.00;0.00;0.00;0.00;3.20;26.80;4.50;5.80;0.00;0.00;0.00;0.00;;;;40.30;;
08/09/06;0.00;0.00;0.00;0.00;0.00;21.20;0.00;20.20;17.00;0.00;0.00;73.10;13.20;38.10;2.90;1.10;11.00;0.70;2.00;28.50;3.50;2.80;22.50;19.20;23.20;49.10;47.50;11.70;16.60;20.90;8.00;454.00;;
08/09/07;0.00;7.20;3.90;0.00;32.90;0.00;0.00;37.70;0.50;27.80;27.60;0.00;51.90;0.00;0.00;0.00;0.00;0.00;1.50;1.00;0.50;0.70;2.50;0.00;0.00;14.20;0.00;97.70;0.00;0.00;;307.60;;
08/09/08;16.20;0.00;0.00;2.60;5.10;2.10;2.40;0.00;0.00;0.00;0.00;7.20;0.00;0.00;33.70;0.00;0.00;42.10;186.40;97.40;35.30;54.30;28.90;43.20;2.80;29.70;0.70;0.00;2.80;58.40;32.10;683.40;;
08/09/09;5.20;0.00;4.40;12.20;19.30;0.00;0.00;8.90;0.00;10.20;25.80;23.00;5.20;1.60;0.00;14.40;35.60;58.80;25.10;0.00;3.10;14.80;12.80;35.60;64.60;32.90;70.70;61.60;79.00;18.50;;643.30;;
08/09/10;63.30;14.10;0.00;2.70;9.20;1.20;0.00;0.70;0.70;0.00;0.00;0.00;1.70;1.90;3.00;35.50;49.00;0.00;6.00;0.00;0.00;0.00;0.00;0.00;0.00;15.10;7.40;17.50;5.80;36.10;39.70;310.60;;
08/09/11;8.10;15.90;0.00;8.00;3.20;21.40;30.60;6.00;0.60;0.00;0.50;0.60;25.80;77.90;0.70;137.00;0.00;0.70;1.20;0.00;67.80;5.60;11.00;3.20;4.50;13.80;22.90;32.60;1.50;23.10;48.70;572.90;;
08/09/12;37.20;14.20;16.10;30.00;32.80;5.10;11.50;1.50;9.70;0.00;0.00;0.00;0.00;0.00;0.00;0.00;17.50;33.10;10.60;43.30;42.10;17.20;5.20;0.00;0.00;0.00;2.30;24.50;36.10;16.50;;406.50;;
09/10/01;49.10;36.90;29.50;0.00;0.00;0.20;0.00;0.00;0.00;0.00;0.00;7.00;5.00;17.50;0.00;11.70;0.00;21.70;23.10;13.70;5.50;0.00;0.00;0.00;0.50;7.90;0.00;55.20;48.00;2.50;15.30;350.30;;
09/10/02;0.00;4.60;12.60;6.30;0.00;14.60;4.00;19.30;86.80;0.00;0.00;0.00;2.60;8.70;3.90;0.00;35.90;0.50;16.00;7.60;6.40;3.50;24.60;9.50;0.00;0.00;0.00;2.00;21.10;0.00;;290.50;;
09/10/03;52.10;9.00;13.10;0.00;0.00;22.70;0.00;2.40;3.70;0.00;0.00;3.50;0.00;46.60;13.20;8.30;0.00;2.60;0.30;0.00;1.40;0.00;1.20;1.50;7.40;28.00;30.60;11.40;0.00;0.00;0.00;259.00;;
09/10/04;0.00;0.00;0.00;0.00;0.00;0.00;0.00;0.00;42.00;0.00;55.50;61.00;2.70;0.00;0.00;2.40;0.50;1.30;0.90;0.00;0.00;0.00;0.00;0.00;0.00;0.00;25.20;0.00;0.00;0.00;2.80;194.30;;
09/10/05;0.00;0.00;0.00;0.00;0.00;0.00;0.00;0.00;0.00;27.60;0.00;0.00;0.00;0.00;0.00;0.70;0.50;0.00;0.00;0.00;0.00;0.00;0.00;0.00;0.00;0.00;0.00;0.00;;;;28.80;;
09/10/06;0.00;0.00;0.00;0.00;0.00;0.00;0.00;1.00;0.00;0.00;0.00;0.00;0.70;0.00;0.00;0.00;0.00;0.30;0.00;0.00;0.00;0.00;0.70;7.50;0.00;20.40;13.20;2.50;0.50;69.80;12.50;129.10;;
09/10/07;0.00;0.00;0.00;21.20;21.50;0.00;0.00;7.40;7.20;0.00;6.20;3.10;7.20;4.00;13.00;28.30;11.50;11.60;50.20;30.30;24.20;3.20;0.00;7.50;5.20;40.50;72.00;0.00;0.00;46.20;;421.50;;
09/10/08;0.00;23.10;0.00;18.80;0.00;0.00;90.20;0.00;5.50;10.30;42.10;24.10;0.00;1.00;0.00;66.80;38.10;142.00;42.90;0.00;0.00;27.10;27.10;20.10;24.20;1.70;0.00;36.00;0.00;8.20;0.00;649.30;;
09/10/09;0.00;0.00;0.00;35.50;0.00;0.00;60.20;120.20;29.20;63.20;4.50;7.50;0.00;0.00;0.00;0.00;105.20;0.00;10.00;10.00;6.30;0.00;110.20;0.00;20.00;0.00;34.20;35.80;9.50;7.50;;669.00;;
09/10/10;4.20;0.00;17.50;0.00;0.00;0.00;0.00;0.00;34.10;29.20;50.20;20.10;40.30;5.40;84.00;0.00;52.00;55.00;5.60;47.30;0.00;0.00;0.00;6.90;0.00;0.00;0.00;0.00;0.00;0.00;0.00;451.80;;
09/10/11;0.00;0.00;22.50;0.00;0.00;0.00;0.00;0.00;0.00;6.20;0.00;15.10;35.30;80.20;80.30;0.00;16.80;0.00;0.00;68.40;0.00;0.00;9.20;20.20;0.00;0.00;6.20;220.00;260.00;20.50;3.20;864.10;;
09/10/12;0.00;0.00;0.00;0.00;0.00;9.90;2.80;0.00;4.30;39.20;3.20;2.10;0.00;20.20;0.00;0.00;10.50;80.50;40.60;0.00;19.20;35.20;32.50;0.00;18.20;0.00;17.00;20.00;4.00;21.40;;380.80;;
10/11/01;133.90;64.10;79.10;1.50;38.30;44.80;28.60;77.60;9.80;0.00;6.70;0.00;0.00;0.00;0.00;14.40;5.70;3.80;5.30;0.00;1.20;0.00;0.00;0.00;0.70;0.00;4.70;14.70;44.40;6.70;16.40;602.40;;
10/11/02;3.50;0.00;0.00;76.60;30.20;32.60;46.30;0.00;2.20;76.30;5.10;8.00;1.10;0.00;8.60;14.00;100.00;33.80;0.00;43.90;16.80;6.40;65.30;37.50;9.50;36.40;2.50;80.60;0.00;16.30;;753.50;;
10/11/03;32.60;10.60;3.20;50.00;0.60;9.30;29.10;23.40;11.40;2.80;0.00;0.00;0.00;0.00;6.90;6.40;3.60;1.50;0.00;0.00;0.00;6.70;46.60;6.80;0.00;0.00;0.00;0.00;0.80;0.40;8.90;261.60;;
10/11/04;1.20;0.00;0.00;0.00;0.00;0.00;3.80;73.30;32.60;9.30;0.00;4.00;0.00;0.00;0.00;0.00;0.00;0.00;0.00;0.00;0.00;0.00;0.00;0.00;4.20;2.70;10.80;0.60;1.60;1.20;26.50;171.80;;
10/11/05;19.70;14.40;32.80;0.00;0.00;0.00;4.10;0.60;0.00;3.80;0.00;0.00;0.00;1.10;0.00;0.00;0.00;0.00;4.50;7.40;13.70;0.00;0.00;1.50;0.00;0.00;0.00;0.00;;;;103.60;;
10/11/06;0.00;0.00;7.20;6.20;4.30;0.00;0.00;0.00;0.00;0.00;0.00;0.00;14.80;9.40;0.00;0.00;0.00;0.00;0.00;73.60;0.60;14.80;15.30;5.40;1.30;0.00;2.50;0.00;1.00;0.00;0.00;156.40;;
10/11/07;1.00;0.00;0.00;7.50;0.00;0.30;8.70;1.60;0.70;0.00;5.80;36.30;5.80;10.30;29.80;3.30;17.50;1.10;27.20;70.00;30.70;3.60;10.60;19.60;5.20;3.00;7.20;113.70;11.10;51.60;;483.20;;
10/11/08;188.20;25.60;52.20;0.00;5.40;0.90;0.00;8.40;12.30;0.00;8.90;2.80;0.00;0.00;55.20;0.50;3.20;14.50;0.00;0.00;0.00;0.00;3.90;159.10;28.20;262.90;70.20;78.50;73.30;49.30;74.60;1178.10;;
10/11/09;79.00;0.00;0.00;40.50;38.90;27.80;36.60;11.20;25.90;5.80;0.00;0.00;18.20;21.40;14.20;6.10;6.40;1.30;3.90;0.00;0.40;0.00;1.00;3.40;4.40;1.20;8.70;0.00;0.00;0.00;;356.30;;
10/11/10;0.00;0.00;0.00;0.00;48.40;6.00;0.30;3.30;0.50;6.80;6.50;7.10;10.20;4.30;21.70;26.50;2.80;0.30;6.80;0.40;1.90;0.00;10.80;54.10;5.80;1.60;0.00;0.00;3.20;8.90;0.00;238.20;;
10/11/11;0.00;0.00;22.20;0.00;31.50;5.00;5.60;17.30;3.40;8.60;2.20;1.60;6.90;3.20;24.80;4.10;45.40;0.00;0.00;2.50;17.20;57.90;44.50;30.30;8.80;4.80;0.00;2.40;1.20;21.10;4.90;377.40;;
10/11/12;14.10;4.00;7.70;0.00;33.20;9.50;0.00;2.20;52.20;98.40;49.50;95.50;47.70;22.50;44.70;38.60;0.00;0.00;0.00;15.00;15.70;2.70;0.00;0.00;0.00;0.00;0.00;0.00;0.00;0.00;;553.20;;
11/12/01;0.00;0.00;0.90;1.40;0.00;0.00;0.00;0.00;0.00;8.60;18.60;6.40;0.60;6.90;0.00;0.00;10.20;1.70;36.70;62.30;57.50;0.00;32.30;22.30;93.70;13.00;20.70;9.40;24.60;25.40;0.00;453.20;;
11/12/02;26.20;2.10;10.60;0.00;0.00;8.70;25.60;0.00;0.00;0.00;0.00;0.00;11.40;0.00;2.20;0.00;0.00;10.30;0.00;0.00;0.00;1.20;1.70;11.30;13.60;0.00;28.10;0.00;0.00;0.00;;153.00;;
11/12/03;1.20;1.10;0.00;0.00;0.00;0.00;0.00;0.00;2.70;9.30;29.40;45.10;0.60;0.00;0.00;0.00;0.00;1.40;1.60;1.80;3.00;0.90;1.80;0.00;0.00;0.00;0.00;0.00;0.00;0.00;0.00;99.90;;
11/12/04;0.00;0.00;0.00;0.00;6.80;1.80;2.00;8.50;0.00;37.20;0.00;0.00;0.00;0.00;0.00;0.00;0.00;0.00;0.00;0.00;0.00;0.00;0.00;0.00;0.00;0.00;0.00;0.00;0.00;0.00;0.00;56.30;;
11/12/05;0.00;0.00;0.00;2.50;4.70;0.00;0.00;0.00;5.10;0.00;0.00;0.00;0.00;11.40;1.00;2.00;1.00;0.00;0.00;0.00;0.00;0.00;0.00;0.00;0.00;0.00;24.60;21.40;0.00;;;73.70;;
11/12/06;8.00;0.00;0.00;0.00;1.50;0.00;0.00;0.00;0.00;7.40;0.00;1.00;52.30;8.90;19.80;0.90;5.70;0.00;0.00;0.00;0.00;0.00;0.00;0.00;0.00;0.00;10.70;14.80;83.60;0.00;0.20;214.80;;
11/12/07;14.00;37.70;40.70;12.50;0.00;2.70;10.90;26.60;23.70;38.80;16.90;0.00;13.00;48.00;52.20;7.60;14.80;4.50;0.00;5.20;111.70;31.00;8.30;3.10;4.60;16.80;9.00;3.10;0.70;2.70;;560.80;;
11/12/08;0.00;0.00;0.00;0.00;0.00;0.00;0.00;0.00;0.00;0.00;0.00;0.00;0.00;0.00;0.00;0.00;0.00;0.00;0.00;0.00;10.10;4.90;8.20;80.70;110.80;1.70;15.70;2.00;6.80;0.00;0.00;240.90;;
11/12/09;2.90;0.00;7.40;15.10;9.20;27.80;17.70;0.00;0.00;0.00;0.00;0.50;24.60;0.80;0.00;2.50;1.10;15.50;5.80;21.90;8.90;0.60;42.70;37.10;49.10;0.00;12.10;5.90;0.00;9.30;;318.50;;
11/12/10;39.90;24.00;3.30;0.00;5.10;25.20;14.70;30.70;86.30;22.40;0.00;0.00;0.00;0.00;0.00;0.00;0.00;1.60;0.00;0.00;0.90;11.60;5.50;10.10;9.60;1.30;0.00;0.00;0.00;0.00;0.00;292.20;;
11/12/11;0.00;0.00;0.00;0.90;0.80;4.60;0.00;0.00;26.40;11.80;7.90;1.10;0.00;13.40;27.30;43.30;6.20;3.60;0.00;0.00;6.00;0.00;6.30;1.20;54.80;5.50;18.80;2.90;61.00;30.00;13.60;347.40;;
11/12/12;3.70;20.90;16.80;7.60;0.00;11.90;11.30;23.50;2.20;1.90;0.00;1.10;1.50;8.10;17.20;8.20;21.70;0.00;0.00;0.70;0.00;32.80;0.00;7.40;0.00;0.00;0.00;3.10;2.20;1.30;;205.10;;
12/13/01;1.20;0.00;0.00;0.00;0.00;9.10;4.30;0.00;25.00;0.00;0.60;35.40;39.60;3.60;37.70;70.90;15.50;33.50;21.60;8.60;21.00;12.40;27.80;5.30;0.00;13.80;18.10;44.30;40.40;9.90;72.00;571.60;;
12/13/02;119.60;0.00;0.00;28.60;15.40;0.00;12.40;5.00;27.10;1.20;1.50;1.90;2.20;0.90;7.50;1.30;0.00;0.00;0.00;0.00;0.00;5.30;47.50;78.50;55.40;33.30;33.50;0.00;0.00;0.00;;478.10;;
12/13/03;0.00;0.00;1.90;0.00;0.00;0.00;0.00;3.80;0.00;0.00;0.00;0.00;0.00;0.00;0.00;38.90;32.80;3.00;0.00;56.10;0.00;2.10;0.00;130.10;0.00;20.20;39.10;0.00;1.20;3.50;0.00;332.70;;
12/13/04;0.00;0.00;5.10;1.50;0.00;0.00;43.70;7.30;4.00;23.30;0.00;0.00;0.00;0.00;0.00;0.00;0.00;0.00;0.00;0.00;0.00;0.00;6.00;4.90;7.50;0.00;0.00;0.00;0.00;0.00;0.00;103.30;;
12/13/05;0.00;0.00;0.00;2.10;0.00;22.70;69.90;0.00;13.50;0.00;0.60;0.60;21.20;2.70;0.00;0.00;0.00;14.50;9.60;0.00;0.00;0.00;0.00;0.00;0.00;0.00;0.00;0.00;;;;157.40;;
12/13/06;0.00;0.00;0.50;1.60;0.00;11.60;0.00;31.20;1.90;0.00;0.00;0.00;0.00;33.40;47.80;2.80;2.30;25.20;0.00;0.00;0.00;0.00;3.00;7.40;12.80;4.80;0.00;13.00;12.40;0.00;0.80;212.50;;
12/13/07;0.00;0.00;0.00;0.00;1.50;0.00;3.60;0.00;21.50;27.70;0.00;26.80;37.30;0.00;12.90;0.00;1.90;0.00;0.00;0.00;0.00;22.60;1.60;0.00;17.30;1.20;0.80;49.20;30.20;6.20;;262.30;;
12/13/08;60.00;12.00;20.50;32.00;7.60;34.60;12.40;3.50;4.70;0.00;1.70;52.10;226.60;2.20;0.00;0.00;0.00;0.00;9.80;19.70;14.60;5.10;14.00;4.70;12.60;1.40;5.00;11.60;17.80;49.40;75.60;711.20;;
12/13/09;52.20;26.70;15.70;4.30;14.20;11.60;77.80;43.50;1.70;10.00;60.10;19.40;32.00;7.40;17.90;54.50;23.80;31.20;26.60;9.10;50.80;16.80;32.00;15.70;14.00;1.30;0.00;40.90;29.70;16.90;;757.80;;
12/13/10;26.70;78.40;0.00;32.60;29.60;46.40;57.50;27.30;43.20;77.10;0.00;3.10;0.00;20.10;18.10;5.90;37.30;21.20;1.50;8.30;0.60;20.60;30.90;29.70;12.00;9.80;0.00;1.70;0.00;0.00;4.90;644.50;;
12/13/11;9.90;23.30;26.70;40.90;4.40;4.30;0.80;1.10;11.70;17.90;5.60;0.00;0.00;0.00;0.00;0.00;0.00;2.70;0.00;0.00;20.00;0.00;0.00;0.00;0.00;1.50;4.60;30.30;9.50;3.20;0.00;218.40;;
12/13/12;0.60;1.50;0.00;5.00;29.60;62.70;23.00;26.80;14.20;27.50;77.90;92.40;40.70;23.40;14.80;32.60;54.00;63.70;0.00;8.00;0.00;0.00;0.00;0.00;0.00;0.00;0.00;0.00;0.00;1.90;;600.30;;
13/14/01;13.00;3.50;0.00;6.40;0.00;0.00;9.20;0.00;18.60;30.90;23.70;41.50;0.80;0.00;0.30;2.70;3.10;2.40;76.20;41.80;59.80;13.90;1.30;0.30;0.00;0.00;21.20;14.60;32.40;31.00;40.20;488.80;;
13/14/02;0.00;0.00;1.90;0.00;0.00;3.30;0.00;1.00;5.00;9.80;1.30;0.00;0.00;0.00;0.00;1.60;0.00;4.20;35.00;0.00;1.00;36.80;18.20;5.50;0.30;0.00;0.00;0.00;0.00;5.80;;130.70;;
13/14/03;1.50;0.00;0.00;0.00;0.00;0.40;0.00;0.00;0.00;0.00;0.00;0.00;0.30;0.50;13.70;0.50;0.00;0.00;0.00;0.00;0.90;0.00;0.00;0.00;0.00;0.00;0.00;0.00;0.00;0.00;0.00;17.80;;
13/14/04;0.00;0.00;0.00;0.00;0.00;2.60;0.00;0.00;0.00;0.00;0.00;10.40;0.90;18.50;9.50;50.50;0.00;0.00;0.00;0.00;0.00;0.00;0.00;0.00;0.00;0.00;0.00;0.00;0.00;0.00;0.00;92.40;;
13/14/05;0.00;0.00;0.00;0.00;0.00;0.00;0.00;0.00;0.00;0.00;0.00;0.00;0.00;0.00;0.00;0.00;0.00;0.00;0.00;0.00;0.50;7.20;7.70;0.00;0.00;0.00;45.10;51.90;;;;112.40;;
13/14/06;0.00;0.00;23.00;15.00;2.50;1.60;3.10;0.00;0.00;0.00;0.00;0.00;0.00;0.00;0.00;0.00;0.00;0.30;0.00;0.00;0.00;0.00;0.00;0.00;0.00;0.00;0.30;0.00;0.00;0.00;0.00;45.80;;
13/14/07;0.00;0.00;0.00;26.50;18.00;59.40;13.20;0.00;0.00;0.00;14.90;2.90;0.70;1.80;0.00;14.50;6.80;3.70;22.80;0.00;31.20;5.60;19.70;1.00;0.40;17.80;23.50;11.60;5.70;10.90;;312.60;;
13/14/08;3.20;36.30;1.80;0.00;4.90;5.70;15.60;15.80;5.80;1.10;0.00;2.10;0.00;0.00;0.00;0.00;0.00;0.00;0.00;1.80;18.40;0.80;0.00;1.00;6.30;0.00;58.90;0.80;12.80;10.90;33.60;237.60;;
13/14/09;22.30;87.90;28.80;14.10;4.40;10.30;6.90;46.50;0.70;12.80;37.10;171.80;1.00;0.60;0.00;0.00;0.00;31.70;44.00;15.00;5.60;2.20;1.30;7.90;0.60;0.00;0.00;10.90;15.40;80.30;;660.10;;
13/14/10;37.20;0.50;4.40;15.30;16.30;1.00;1.20;3.60;25.00;15.00;12.40;0.00;3.40;8.50;17.90;0.00;0.00;10.10;6.20;0.00;0.00;11.60;5.30;0.00;5.90;7.20;74.80;7.00;0.90;6.50;18.60;315.80;;
13/14/11;75.30;4.60;100.80;10.00;38.50;0.00;0.00;93.70;9.70;17.70;65.20;4.00;0.00;1.60;11.80;32.20;12.70;22.00;3.80;13.30;56.70;70.90;21.00;1.20;0.00;0.00;0.70;0.00;5.80;14.20;0.80;688.20;;
13/14/12;11.50;11.20;7.00;2.70;74.20;5.50;50.80;43.60;5.20;25.70;4.70;10.90;17.00;64.90;17.80;0.50;10.80;8.10;0.00;0.00;0.00;0.00;9.00;121.10;37.60;22.30;0.80;34.10;6.80;50.10;;653.90;;
14/15/01;15.60;0.30;11.60;8.60;5.00;24.10;61.40;19.50;32.10;39.30;0.00;10.10;0.00;0.00;34.20;96.80;16.10;48.60;4.00;6.30;12.40;7.70;0.00;3.20;22.00;36.60;43.60;5.80;3.50;53.30;0.00;621.70;;
14/15/02;26.00;9.30;13.20;20.10;38.80;0.00;0.00;0.00;0.00;0.00;28.70;1.30;34.50;25.60;1.50;20.00;0.00;2.90;2.20;1.60;14.10;0.00;2.80;1.30;1.70;4.30;37.80;7.50;5.00;0.70;;300.90;;
14/15/03;49.40;0.80;0.00;0.00;4.10;0.50;0.00;6.00;20.00;2.30;22.30;3.80;0.50;0.00;10.60;63.50;10.80;5.60;13.00;5.40;5.60;12.00;24.30;19.40;61.40;0.00;5.90;21.50;5.50;0.00;0.00;374.20;;
14/15/04;0.00;0.00;0.00;0.00;0.00;5.30;0.00;0.00;0.00;0.00;0.00;0.00;0.00;0.00;0.00;0.00;0.00;0.00;0.00;0.00;0.00;0.00;33.10;0.00;0.00;0.00;0.00;2.80;26.90;1.50;0.00;69.60;;
14/15/05;0.00;0.00;21.00;0.00;0.40;1.70;0.00;0.00;8.00;7.90;16.50;6.60;0.70;0.00;0.00;0.00;0.00;0.00;0.00;0.00;0.00;0.00;0.30;0.50;11.20;31.30;37.40;8.10;;;;151.60;;
14/15/06;55.80;0.00;0.00;2.90;0.00;0.00;0.00;0.00;0.00;0.00;0.00;0.60;18.70;13.60;52.90;1.90;2.00;0.00;0.00;0.00;0.00;0.00;0.00;0.00;0.00;9.00;0.00;53.10;20.50;2.40;2.80;236.20;;
14/15/07;6.90;14.50;0.00;0.00;0.00;0.00;5.60;0.00;13.80;17.40;0.00;11.40;10.30;6.00;36.20;14.20;6.40;1.40;3.70;24.90;0.70;0.00;25.20;7.40;23.40;17.20;1.10;24.80;19.00;4.40;;295.90;;
14/15/08;18.60;9.60;13.20;12.40;46.50;35.70;47.90;14.60;15.00;92.80;0.00;0.00;0.00;17.00;6.60;9.80;7.70;20.00;11.60;6.80;11.80;1.10;44.30;1.00;0.00;3.60;2.80;0.00;8.60;22.00;43.20;524.20;;
14/15/09;7.70;3.00;16.80;13.20;68.80;0.00;0.00;0.50;2.20;0.50;16.60;1.70;0.70;0.80;73.00;41.00;34.10;44.50;9.10;0.00;4.00;1.40;0.00;2.80;0.00;20.10;20.00;52.00;36.60;21.30;;492.40;;
14/15/10;16.50;5.60;5.70;22.10;6.90;0.00;2.60;2.90;6.90;120.20;25.30;0.60;1.30;5.60;0.00;17.70;12.70;6.30;4.00;1.90;12.30;18.40;4.00;0.00;3.60;8.60;0.00;0.00;0.00;0.00;0.00;311.70;;
14/15/11;0.00;2.80;18.60;71.80;0.00;0.00;0.00;0.00;5.10;10.00;15.30;9.40;1.20;0.00;52.00;5.20;32.20;0.00;0.00;2.80;9.80;14.10;11.60;40.20;5.70;19.60;39.90;21.50;11.00;50.70;0.00;450.50;;
14/15/12;0.00;0.00;41.70;8.70;0.00;0.00;39.10;0.00;0.00;54.00;29.40;11.50;11.20;14.80;36.60;49.70;23.60;33.90;14.60;27.60;2.50;0.00;7.60;3.10;0.70;48.70;47.40;1.50;0.00;13.60;;521.50;;
15/16/01;0.0;1.2;1.0;67.4;29.8;12.5;8.9;33.6;11.5;4.8;0.0;44.0;130.1;23.9;4.2;19.1;55.4;117.7;5.6;38.4;88.2;26.2;45.7;10.8;3.0;1.5;8.5;32.2;4.8;2.9;1.8;834.70;;
15/16/02;0.0;44.4;0.0;0.0;104.4;51.9;26.5;11.0;6.9;0.0;2.3;34.4;32.4;7.5;11.9;13.1;0.5;0.0;64.7;19.9;0.5;4.2;1.3;24.9;3.3;0.0;0.0;33.2;3.8;31.6;;534.60;;
15/16/03;40.6;3.0;1.0;34.9;11.5;70.0;41.5;15.3;33.7;1.3;0.0;9.2;0.0;32.9;0.0;0.0;0.0;0.3;7.8;0.0;0.0;0.0;0.0;0.0;0.0;4.3;6.4;0.0;4.0;0.0;0.0;317.70;;
15/16/04;0.0;0.0;0.0;0.0;0.0;0.0;0.0;28.0;0.0;0.0;0.0;0.0;0.0;0.0;0.0;0.0;0.0;0.0;0.0;0.0;0.0;0.0;5.4;18.4;2.4;3.0;0.0;0.0;0.0;0.0;0.0;57.20;;
15/16/05;0.0;0.0;0.0;0.0;0.0;0.0;0.0;0.0;36.5;0.0;0.0;0.0;0.0;0.0;7.3;0.0;0.0;26.1;0.6;23.3;0.0;0.0;0.0;0.0;0.5;0.0;0.0;0.0;0.0;;;94.30;;
15/16/06;0.0;0.0;0.0;0.0;0.0;0.0;0.0;1.5;29.5;37.5;0.0;0.0;0.0;0.0;7.5;19.3;0.0;0.0;0.0;0.0;0.0;0.0;0.0;0.0;0.0;0.0;0.0;64.6;36.5;21.1;2.9;220.40;;
15/16/07;26.6;11.8;1.7;13.0;24.5;0.0;0.0;0.0;3.4;39.0;12.8;110.2;0.0;16.5;17.8;17.2;58.0;0.0;11.8;5.5;9.2;2.8;0.7;0.0;0.0;12.7;11.5;1.5;2.2;62.9;;473.30;;
15/16/08;29.4;33.5;40.2;0.0;9.3;87.6;1.4;34.7;33.5;32.5;102.7;1.8;23.1;22.9;336.4;70.0;66.9;51.6;138.7;21.9;43.9;20.1;18.2;36.7;18.6;15.6;67.5;0.0;7.5;40.0;27.9;1434.10;;
15/16/09;4.7;6.3;11.0;27.8;8.8;0.5;33.0;24.4;13.0;33.6;3.0;47.4;18.5;3.2;0.0;0.4;8.8;21.7;5.0;12.4;4.8;0.0;0.0;0.0;0.0;0.0;6.5;5.0;1.2;0.0;;301.00;;
15/16/10;0.0;0.0;1.2;0.5;0.0;0.0;5.6;0.7;32.0;16.7;3.8;26.6;9.2;2.7;3.4;17.1;6.9;0.5;0.0;0.0;0.0;0.0;2.0;22.4;7.3;22.2;11.0;9.5;20.2;23.1;0.0;244.60;;
15/16/11;0.0;0.0;0.0;0.0;0.0;0.0;0.6;0.0;6.4;0.5;2.0;1.0;21.2;11.3;27.2;1.4;0.0;10.7;0.0;6.1;22.9;31.7;46.1;2.6;2.3;9.8;0.0;4.9;1.9;6.5;27.7;244.80;;
15/16/12;4.0;31.3;0.0;6.5;0.0;0.0;0.0;0.0;0.0;2.5;0.0;4.1;1.0;1.4;13.3;2.0;3.7;10.2;0.6;0.0;0.0;0.0;1.7;0.0;2.6;0.8;5.0;17.3;24.8;18.6;;151.40;;
16/17/1;0.0;1.2;0.0;0.0;0.0;0.0;0.0;7.1;0.0;0.0;0.0;0.0;10.2;8.5;1.6;7.3;0.0;0.0;0.0;0.0;2.9;37.4;21.5;63.1;1.5;0.0;0.0;0.0;5.7;42.2;22.7;232.90;;
16/17/2;23.5;2.3;25.2;11.2;6.5;1.3;2.5;4.6;19.3;3.3;12.8;58.9;0.0;37.0;7.0;10.7;11.6;5.6;0.0;0.0;0.0;60.7;14.0;0.0;0.0;0.0;0.0;0.0;0.0;0.0;;318.00;;
16/17/3;0.0;0.0;0.0;2.6;0.0;0.0;7.2;1.5;14.8;0.0;0.0;0.0;0.0;2.7;0.0;0.0;0.0;0.0;0.0;1.6;0.0;0.0;0.0;0.0;0.0;0.0;3.8;10.0;0.0;0.0;0.0;44.20;;
16/17/4;;;;;;;;;;;;;;;;;;;;0.6;0.5;;4.1;3.9;;26.5;7.3;;;;;42.90;;
16/17/5;;;;;;;;;;;;;;0.5;;;;0.7;3.2;;;;;;;3.4;0.5;0.5;;;;8.80;;
16/17/6;6.2;1.9;14.8;11.4;;;5.9;;2.0;11.7;19.6;21.1;1.4;66.7;5.0;13.9;;;;;;;;;;;;5.0;22.2;9.2;6.0;224.00;;
16/17/7;4.8;3.6;2.2;34.8;;;;;;;19.8;27.4;13.2;;;;;;;;;;;4.0;;;1.8;;;0.7;;112.30;;
16/17/8;;41.8;;1.1;;21.5;1.5;4.9;28.5;23.0;;48.9;59.9;26.0;48.8;4.2;;1.2;2.2;3.4;0.8;37.6;9.8;36.6;158.3;9.5;13.9;41.3;56.8;42.9;46.6;771.00;;
16/17/9;58.7;36.1;3.7;16.8;48.8;25.5;2.4;0.0;0.0;10.8;10.1;0.0;0.0;6.9;5.5;1.3;3.7;26.4;25.4;6.9;8.8;17.4;44.3;7.2;12.6;19.7;36.3;6.4;0.0;1.5;;443.20;;
16/17/10;12.1;6.5;0.0;0.0;0.0;4.3;8.6;4.8;26.0;11.2;4.0;0.0;0.0;0.0;0.0;0.0;0.0;3.1;17.7;0.0;9.4;2.0;4.7;0.0;0.6;3.1;16.8;61.3;0.6;26.1;41.5;264.40;;
16/17/11;;;;;;;;;;;;;;;;;;;;;;;;;;;;;;;;0.00;;
16/17/12;;;;;;;;;;;;;;;;;;;;;;;;;;;;;;;;0.00;;
